ocr,pred,gt,name,ocr_error_type,pred_error_type,ocr_correct,pred_correct,difficulty
BMCP24C-5002180C-01-C1-01,800024005002-80C-01-C1-01,BMCP24C-5002180C-01-C1-01,减震器簧,correct,mixed,True,False,easy
DL3N2102,DL3N2102,DL3N2102,前椅坐垫发泡横向吊紧钢丝,correct,correct,True,True,easy
3Z5L8-U4002-1-190QL-01,E25080U40D20-0190QL-01,325L8-U4002-1-190QL-01,螺母,substitute,mixed,False,False,easy
Q32118T13F60,Q32118T13F60,Q32118T13F60,六角法兰面螺母,correct,correct,True,True,easy
Q1851890-0ZD-01,Q185I890-0ZD-01,Q1851890-0ZD-01,六角法兰面螺栓,correct,substitute,True,False,easy
Q340B16,Q340B16,Q340B16,1型六角螺母,correct,correct,True,True,easy
QE2L1A-OZD,QE2L1A-OZD,Q32114-0ZD,六角法兰面螺母,mixed,mixed,False,False,hard
Q2140420F62-01,Q2140420F62-01,Q2140420F62-01,十字槽盘头螺钉,correct,correct,True,True,easy
L0460531,L0460531,L0460531,靠背中间钢丝,correct,correct,True,True,easy
6935238-C1114,GA3S2380C1114,6935238-C1114,钢丝,correct,mixed,True,False,easy
001713000632,001713000632,001713000632,悬架簧,correct,correct,True,True,easy
L0653432,L0653432,L0653432,后排靠背钢丝S,correct,correct,True,True,easy
Q1140625F39,QI140625039,Q1140625F39,短周期弧焊焊接螺栓,correct,mixed,True,False,easy
Q4501456-R7,Q4501456-R7,Q4501456-R7,半圆头平头铆钉,correct,correct,True,True,easy
RQ18416135-0ZD-04,R018A161-500ZD-04,RQ18416135-0ZD-04,六角法兰面螺栓,correct,mixed,True,False,easy
CB-6,CB-6,CB-6,油泵,correct,correct,True,True,easy
M4503000001902-1,045030000019-201,M450300000190Z-1,减震器簧,substitute,mixed,False,False,easy
11B03-08022-A-01,1180300-D220-001,11B03-08022-A-01,扭簧,correct,mixed,True,False,easy
Q4501260-FT-01,Q4501260-F7-01,Q4501260-FT-01,半圆头铆钉,correct,substitute,True,False,easy
Q4501440-T5,Q4501440-T5,Q4501440-T5,平头铆钉,correct,correct,True,True,easy
Q4501438F62,Q4501438F62,Q4501438F62,冷镦铆钉,correct,correct,True,True,easy
Q184L260-0RH-04,Q184L260-00H-04,Q1841260-0RH-04,六角法兰面螺栓,substitute,mixed,False,False,easy
001713000632A-01,001713000632-001,001713000632A-01,减震器簧,correct,mixed,True,False,easy
Q4501262-T5,Q4501262-T5,Q4501262-T5,半圆头铆钉,correct,correct,True,True,easy
DL6E1192,DL6E1192,DL6E1192,钢丝,correct,correct,True,True,easy
Q1841080-01,Q184I080-01,Q1841080-01,六角法兰面螺栓,correct,substitute,True,False,easy
3504011-T5HEV,3504011-TS03-,3504011-T5HEV,扭簧,correct,mixed,True,False,easy
2935469-H0100-F7-01,2935469-H0100-F7-01,2935469-H0100-F7-01,螺母-气囊顶板用,correct,correct,True,True,easy
1008032-E1100-02,ID0B0320-1100-02,1008032-E1100-02,双头螺栓,correct,mixed,True,False,easy
Q4501475-LZJF,Q4501475-LZJF,Q4501475-LZJF,半圆头铆钉,correct,correct,True,True,easy
Q150B1075,Q150B1075,Q150B1075,六角头螺栓,correct,correct,True,True,easy
3551N-059-A,ESS-00059-A,3551N-059-A,压簧,correct,mixed,True,False,easy
002613000001B-01,002613000001-001,002613000001B-01,减震器簧,correct,mixed,True,False,easy
5001042-T712-S3,SDD-042-T712-S3,5001042-T712-S3,压簧,correct,mixed,True,False,easy
Q1841480TF60-01,Q184I480-060-01,Q1841480TF60-01,六角法兰面螺栓,correct,mixed,True,False,easy
DZ9X259520065-0TF,DZ9X259520065-0TF,DZ9X259520065-0TF,DTF六角凸缘螺母M16X1.5,correct,correct,True,True,easy
Q4501435-LZJF,Q4501435-LZJF,Q4501435-LZJF,半圆头铆钉,correct,correct,True,True,easy
5001043-C3102,5001043-C3102,5001043-C3102,前悬置弹簧,correct,correct,True,True,easy
Q1840820-0RH,Q184D820-00H,Q1840820-0RH,六角法兰面螺栓,correct,mixed,True,False,easy
Q151B1675-0ZD,Q151B1675-0ZD,Q151B1675-0ZD,六角头螺栓,correct,correct,True,True,easy
A062X983,A06ZX983,A062X983,六角法兰面螺栓,correct,substitute,True,False,easy
2935148-H0100-F7-01,2935148-H0100-F7-01,2935148-H0100-F7-01,六角螺栓,correct,correct,True,True,easy
Q67262,Q67262,Q67262,卡箍,correct,correct,True,True,easy
Q401B08F62,Q401808F62,Q401B08F62,平垫圈,correct,substitute,True,False,easy
Q32016-0RH-0TF,Q32016-0RH-0TF,Q32016-0RH-0TF,六角法兰面螺母,correct,correct,True,True,easy
290.4012-TL770-04,290.4012-TL770-04,2904012-TL770-04,紧固螺栓-平衡轴支架,insert,insert,False,False,easy
C72035-1,C720E501,C72035-1,六角法兰面螺栓,correct,mixed,True,False,easy
DL1N1112,00I-1112,DL1N1112,拉簧,correct,mixed,True,False,easy
DL2J2144,DL2J2144,DL2J2144,后排40%靠背泡沫支撑钢丝,correct,correct,True,True,easy
8201186-C1100,BZD-186-C1100,8201186-C1100,压簧,correct,mixed,True,False,easy
L002696321NCP,LD02696321NCP,L002696321NCP,钢丝,correct,substitute,True,False,easy
1G05-02038,16D-002038,16D5-02038,拉簧,mixed,mixed,False,False,medium
DL5B1027,DL5B1027,DL5B1027,钢丝,correct,correct,True,True,easy
Q1840635T1F62-T5,Q184D635-1062-T5,Q1840635T1F62-T5,六角法兰面螺栓,correct,mixed,True,False,easy
J510011J-F0100,051001100001-0,J510011J-F0100,悬架簧,correct,mixed,True,False,easy
Q1841260-0GT-01,Q184I260-06T-01,Q1841260-0GT-01,六角法兰面螺栓,correct,mixed,True,False,easy
YT0013336-01,YT0013336-01,YT0013336-01,IS0FIX钢丝-1,correct,correct,True,True,easy
ZA28-20,ZA28-20,ZA28-20,传动轴,correct,correct,True,True,easy
SXQ1811875TF62-0TF,S0018118TS70-200TF,SXQ1811875TF62-0TF,六角法兰面带齿螺栓,correct,mixed,True,False,easy
Q4501024-T5,Q4501024-T5,Q4501024-T5,半圆头铆钉,correct,correct,True,True,easy
Q4501024-F3-01,Q4501024-F3-01,Q4501024-F3-01,半圆头铆钉,correct,correct,True,True,easy
L0334381,L0334381,L0334381,内槽螺栓M8,correct,correct,True,True,easy
Q32016T13F3,Q32016T13F3,Q32016T13F3,螺母,correct,correct,True,True,easy
L002649661(DL6L2193),L002649661-DL6L2193-,L002649661(DL6L2193),发泡钢丝,correct,mixed,True,False,easy
2904012-TN383-01,2904D120-0383-01,2904012-TN383-01,六角法兰面螺栓,correct,mixed,True,False,easy
1602111-KR02-01,1602111-KR02-01,1602111-KR02-01,扭簧,correct,correct,True,True,easy
Q500E3230,Q500E3230,Q500B3230,开口销,substitute,substitute,False,False,easy
L0667137,L0667137,L0667137,混动版后排靠背钢丝F,correct,correct,True,True,easy
L002649647(DL6L2181),L002649647-DL6L2181-,L002649647(DL6L2181),发泡钢丝,correct,mixed,True,False,easy
DL2W2147,DL2W2147,DL2W2147,后排坐垫发泡U型吊紧钢丝LH,correct,correct,True,True,easy
Q218B0860T1F62,Q218B0860T1F62,Q218B0860T1F62,内六角圆柱头螺栓,correct,correct,True,True,easy
1701532-90Z00,ITD-532-90200,1701532-90200,压簧,substitute,mixed,False,False,easy
A068A449-01,A068A449-01,A068A449-01,六角法兰面螺栓,correct,correct,True,True,easy
DL957003,DL957003,DL957003,滑轨手柄,correct,correct,True,True,easy
002613000038-01,002613000038-01,002613000038-01,减震器簧,correct,correct,True,True,easy
Q340B04F60,Q340B04F60,Q340B04F60,1型六角螺母,correct,correct,True,True,easy
300X4.8,300-4.8,300X4.8,黑色扎带,correct,substitute,True,False,easy
L0724975(DL3L2038),L0724975-DL3L2038-,L0724975(DL3L2038),前排靠背发泡预埋钢丝M,correct,mixed,True,False,easy
Q43712,043712,Q43712,弹簧,correct,substitute,True,False,easy
Q1861025T1F62-T5,Q1861025T1F62-T5,Q1861025T1F62-T5,六角法兰面螺栓-加大系列,correct,correct,True,True,easy
2935148-VA510-04,2935148-VA510-04,2935148-VA510-04,紧固螺栓-盖板,correct,correct,True,True,easy
Q18420230-0ZD-02,Q1842023-00ZD-02,Q18420230-0ZD-02,六角法兰面螺栓,correct,mixed,True,False,easy
L002609022(DL6L2153),L002609022-DL6L2153-,L002609022(DL6L2153),发泡钢丝,correct,mixed,True,False,easy
Q1840845F60,Q1840845F60,Q1840845F60,M08X45螺栓,correct,correct,True,True,easy
Q1841050-0RH-04,Q184I050-00H-04,Q1841050-0RH-04,六角法兰面螺栓,correct,mixed,True,False,easy
AZ1000100335B01,AZ1000100335B01,AZ1000100335B01,O型圈87.5X2.65.EPDM.70HA,correct,correct,True,True,easy
6910125-C1100,6910125-C1100,6910125-C1100,钢丝焊接架,correct,correct,True,True,easy
RQ4501032-01,RQ4501032-D1,RQ4501032-01,铆钉,correct,substitute,True,False,easy
DL151164,DL151164,DL1S1164,纸板支撑钢丝2,substitute,substitute,False,False,easy
032016,032016,Q32016,六角法兰面螺母,substitute,substitute,False,False,easy
DL2R6007,DL206007,DL2R6007,台阶螺栓,correct,substitute,True,False,easy
Q1841280-0RH,Q184I280-00H,Q1841280-0RH,六角法兰面螺栓,correct,mixed,True,False,easy
5001O43-C4L04-60-01,500104300400-060-01,5001043-C4104-60-01,减震器簧,mixed,mixed,False,False,medium
DL6W1220,DL6W1220,DL6W1220,钢丝,correct,correct,True,True,easy
DL1N1022-01,DL1N1022-D1,DL1N1022-01,管形件,correct,substitute,True,False,easy
Q1840830(T3)-01,Q184D830-73)-01,Q1840830(T3)-01,六角法兰面螺栓,correct,mixed,True,False,easy
5004320-G17101,5004320-GI71-1,5004320-G17101,扭簧,correct,mixed,True,False,easy
33C-01029,EEC-01029,33C-01029,压簧,correct,mixed,True,False,easy
Q4501450-FT,Q4501450-F7,Q4501450-FT,半圆头铆钉,correct,substitute,True,False,easy
RQ1841475-R7,R018A147-007,RQ1841475-R7,六角法兰面螺栓,correct,mixed,True,False,easy
Q1811445TF62-0TF,Q1811445TF62-07F,Q1811445TF62-0TF,六角法兰面带齿螺栓,correct,substitute,True,False,easy
Q150E0645,Q150E0645,Q150B0645,六角头螺栓,substitute,substitute,False,False,easy
DLOP1557,DLOP1557,DL0P1557,中间靠背侧翼钢丝-左,substitute,substitute,False,False,easy
A064Z714-04,A0642714-04,A064Z714-04,六角法兰面螺栓,correct,substitute,True,False,easy
Q6TZ3S.L,Q67235.0,Q67235.1,簧圈,mixed,substitute,False,False,hard
5002170-C5100-10,5002170-CS10-010,5002170-C5100-10,扭簧,correct,mixed,True,False,easy
Q4501435-T5,Q4501435-T5,Q4501435-T5,半圆头铆钉,correct,correct,True,True,easy
Q215B0616T1F62-01,Q215B0616T1F62-01,Q215B0616T1F62-01,梅花槽盘头螺钉,correct,correct,True,True,easy
E504011-SX5G-01,3504011-SX56-01,3504011-SX5G-01,扭簧,substitute,substitute,False,False,easy
3501C-059,ESD-00059,3501C-059,压簧,correct,mixed,True,False,easy
Q150B0420-B1,Q150B0420-B1,Q150B0420-B1,六角头螺栓,correct,correct,True,True,easy
RQ1851040-F7-01,R018S104-007-01,RQ1851040-F7-01,六角法兰面螺栓,correct,mixed,True,False,easy
5001043-C0300,5001043-C0300,5001043-C0300,右前悬置弹簧,correct,correct,True,True,easy
5001043-C0302T,500104300030-7,5001043-C0302T,悬架簧,correct,mixed,True,False,easy
1602049-NH0301,16020490000301,1602049-NH0301,弹簧,correct,mixed,True,False,easy
002613000031-02,002613000031-02,002613000031-02,减震器簧,correct,correct,True,True,easy
Q1841035-01,Q184I035-01,Q1841035-01,六角法兰面螺栓,correct,substitute,True,False,easy
Q1841220-0RH-01,Q184I220-00H-01,Q1841220-0RH-01,六角法兰面螺栓,correct,mixed,True,False,easy
Q218B0820TF62-01,Q218B0820TF62-01,Q218B0820TF62-01,内六角圆柱头螺钉,correct,correct,True,True,easy
RQ1851016,R018S101-,RQ1851016,六角法兰面螺栓,correct,mixed,True,False,easy
Q4501252,Q4501252,Q4501252,半圆头平头铆钉,correct,correct,True,True,easy
RQ4501044,RQ4501044,RQ4501044,铆钉,correct,correct,True,True,easy
16O211L-KY80,1602110-KY80,1602111-KY80,扭簧,mixed,substitute,False,False,medium
Q1841455TF62-0TF,Q184I455-062-0TF,Q1841455TF62-0TF,六角法兰面螺栓,correct,mixed,True,False,easy
Q67250.1,Q67250.1,Q67250.1,簧圈,correct,correct,True,True,easy
Q33216T13F62-0TF,Q33216T13F62-0TF,Q33216T13F62-0TF,2型全金属六角锁紧螺母,correct,correct,True,True,easy
A065L676-01,A065L676-01,A065L676-01,六角法兰面螺栓,correct,correct,True,True,easy
2918106-T30R0-F7-04,2918106-T3000-07-04,2918106-T30R0-F7-04,空气弹簧用螺栓,correct,mixed,True,False,easy
3502064-K0800,35D-064000800,3502064-K0800,拉簧,correct,mixed,True,False,easy
RQ4501458-01,RQ4501458-01,RQ4501458-01,倒角铆钉,correct,correct,True,True,easy
5004344-G17101,5004344-GI71-1,5004344-G17101,扭簧,correct,mixed,True,False,easy
DL6W1244,DL6W1244,DL6W1244,钢丝,correct,correct,True,True,easy
Q1840830(T3)-04,Q184D830-73)-04,Q1840830(T3)-04,六角法兰面螺栓,correct,mixed,True,False,easy
BMCP24C-5002180C-01-C2,800024005002-80C-01-C2,BMCP24C-5002180C-01-C2,减震器簧,correct,mixed,True,False,easy
Q1811455TF62-04,Q1811455TF62-04,Q1811455TF62-04,六角法兰面带齿螺栓,correct,correct,True,True,easy
0LGW1Z28,DL6W1228,DL6W1228,钢丝,mixed,correct,False,True,medium
B1650,B1650,B1650,三角带,correct,correct,True,True,easy
DL2J2106,DL2J2106,DL2J2106,前排坐垫泡沫U型钢丝,correct,correct,True,True,easy
Q40108,Q40108,Q40108,平垫圈,correct,correct,True,True,easy
Z918106-H010O-03,2918106-H0100-03,2918106-H0100-03,空气弹簧用螺栓,mixed,correct,False,True,medium
Q1840890(T3),Q184D890-73),Q1840890(T3),六角法兰面螺栓,correct,mixed,True,False,easy
001713000703-01,001713000703-01,001713000703-01,悬架簧,correct,correct,True,True,easy
Q1840825,Q184D825,Q1840825,六角法兰面螺栓,correct,substitute,True,False,easy
LAY16-22,LAY16-22,LAY16-22,开关,correct,correct,True,True,easy
3504038-C0102,3504038-CD10-,3504038-C0102,扭簧,correct,mixed,True,False,easy
QA5010E2-F3,Q4501032-F3,Q4501032-F3,半圆头铆钉,mixed,correct,False,True,medium
3502N-364,35D-00364,3502N-364,拉簧,correct,mixed,True,False,easy
Q1811490TF62-04,Q1811490TF62-04,Q1811490TF62-04,六角法兰面带齿螺栓,correct,correct,True,True,easy
Q1811235TF62-0TF,Q1811235TF62-07F,Q1811235TF62-0TF,六角法兰面带齿螺栓,correct,substitute,True,False,easy
A072K207-01,A07ZK207-01,A072K207-01,六角法兰面螺栓,correct,substitute,True,False,easy
350A028-K11001-01,3504028-KI10-1001,3504028-K11001-01,扭簧,substitute,mixed,False,False,easy
Q67280.1-01,Q67280.1-01,Q67280.1-01,簧圈,correct,correct,True,True,easy
Q1842280-0ZD-04,Q1842280-0ZD-04,Q1842280-0ZD-04,六角法兰面螺栓,correct,correct,True,True,easy
8202016-DVOL-A,820201600000-A,8202016-DV01-A,弹簧,mixed,mixed,False,False,medium
Q5280332,Q5280332,Q5280332,弹性圆柱销,correct,correct,True,True,easy
1103C-041-01,1103000-IA01,1103C-041-01,扭簧,correct,mixed,True,False,easy
L41-6804033DQ(DL837311),0410G-04033DQ(DL837311),L41-6804033DQ(DL837311),涡卷簧,correct,mixed,True,False,easy
DL6W1050,DL6W1050,DL6W1050,钢丝,correct,correct,True,True,easy
DLOW1057,DL0W1057,DL0W1057,解锁手柄,substitute,correct,False,True,easy
3504011-KU47-A-01,3504011-KU47-4001,3504011-KU47-A-01,扭簧,correct,mixed,True,False,easy
Q510B1680,Q510B1680,Q510B1680,销轴,correct,correct,True,True,easy
35N-04027-01,35N-04027-01,35N-04027-01,拉簧,correct,correct,True,True,easy
Q18A1655TF62-0TF,Q184I655-062-0TF,Q1841655TF62-0TF,六角法兰面螺栓,substitute,mixed,False,False,easy
0L5B1023,DL5B1023,DL5B1023,钢丝,substitute,correct,False,True,easy
DL6P1027-04,DL6P1027-04,DL6P1027-04,M10*P1.25*L25焊接螺栓,correct,correct,True,True,easy
Q15OB08100T1F62,Q150B08100T1F62,Q150B08100T1F62,六角头螺栓,substitute,correct,False,True,easy
QG7257.1-01,Q67257.1-01,Q67257.1-01,簧圈,substitute,correct,False,True,easy
Q1841Z45-0H1,Q184I245-001,Q1841245-0H1,六角法兰面螺栓,substitute,mixed,False,False,easy
DL5B1098,DL5B1098,DL5B1098,钢丝,correct,correct,True,True,easy
3711113J-A07B00,37I-11300A07B00,3711113J-A07B00,拉簧,correct,mixed,True,False,easy
Q151B1450-0H1,Q151B1450-0H1,Q151B1450-0H1,六角头螺栓,correct,correct,True,True,easy
16ZB1-02039-01,16Z-1002039-01,16ZB1-02039-01,拉簧,correct,mixed,True,False,easy
L0114367(L0430935)-01,L0114367-L0430935--01,L0114367(L0430935)-01,凸焊螺栓,correct,mixed,True,False,easy
Q1811235TF62-04,Q1811235TF62-04,Q1811235TF62-04,六角法兰面带齿螺栓,correct,correct,True,True,easy
DL5L1294,DL5L1294,DL5L1294,20侧坐垫支撑钢丝3,correct,correct,True,True,easy
Q1860820,Q1860820,Q1860820,螺钉,correct,correct,True,True,easy
3504028-K11001,3504028-KI10-1,3504028-K11001,扭簧,correct,mixed,True,False,easy
Q4501444-LZJF,Q4501444-LZJF,Q4501444-LZJF,半圆头铆钉,correct,correct,True,True,easy
Q4501236-T5,Q4501236-T5,Q4501236-T5,半圆头铆钉,correct,correct,True,True,easy
A059R171,A059R171,A059R171,六角法兰面螺栓,correct,correct,True,True,easy
L002649740(DL6L2221),L002649740-DL6L2221-,L002649740(DL6L2221),发泡钢丝,correct,mixed,True,False,easy
ZA28-20,ZA28-20,ZA28-20,油泵(后),correct,correct,True,True,easy
Q18514-PFT-0RH,Q18514-PFT-0RH,Q18514-PFT-0RH,PFT螺栓,correct,correct,True,True,easy
DL4Z1067,DL421067,DL4Z1067,造型钢丝,correct,substitute,True,False,easy
RQ4501434-R7,RQ4501434-R7,RQ4501434-R7,半圆头倒角铆钉,correct,correct,True,True,easy
DL5Q1103,DL5Q1103,DL5Q1103,前横管,correct,correct,True,True,easy
Q4501236-F3-01,Q4501236-F3-01,Q4501236-F3-01,半圆头铆钉,correct,correct,True,True,easy
16N-02043-01,16N-02043-01,16N-02043-01,拉簧,correct,correct,True,True,easy
DL2U1O10,DL2U1O10,DL2U1010,坐垫骨架后横向钢丝3,substitute,substitute,False,False,easy
DL1N1107,D0101107,DL1N1107,面套固定钢丝,correct,mixed,True,False,easy
Q1851690-0RH,Q185I690-00H,Q1851690-0RH,六角法兰面螺栓,correct,mixed,True,False,easy
Q146B1045-0RH-01,Q146B1045-0RH-01,Q146B1045-0RH-01,外六角平垫弹垫弹垫组合螺栓,correct,correct,True,True,easy
DL5L1160,DL5L1160,DL5L1160,六分腰托固定钢丝,correct,correct,True,True,easy
Q18520130-0FG-04,Q1852013-00FG-04,Q18520130-0FG-04,六角法兰面螺栓,correct,mixed,True,False,easy
Q4501232F3-01,Q4501232-E001,Q4501232F3-01,半圆头铆钉,correct,mixed,True,False,easy
DL4X1612,DL4X1612,DL4X1612,管件,correct,correct,True,True,easy
3502164-NB01A-01,35D-16400B01A-01,3502164-NB01A-01,拉簧,correct,mixed,True,False,easy
A060C717-04,A060C717-04,A060C717-04,六角法兰面螺栓,correct,correct,True,True,easy
Q18516110-0ZD-0E,Q185I611-00ZD-0E,Q18516110-0ZD-03,六角法兰面螺栓,substitute,mixed,False,False,easy
DL1N1086,DL1N1086,DL1N1086,坐垫钢丝1,correct,correct,True,True,easy
SXQ151C1880TF62-0TF,SXQ151C1880TF62-0TF,SXQ151C1880TF62-0TF,六角头螺栓M18*2*80-10.9,correct,correct,True,True,easy
1602049J-0A2400-01,IGDZ-4900042-00-01,1602049J-0A2400-01,回位弹簧,correct,mixed,True,False,easy
Q1841090-0TD-04,Q184I090-07D-04,Q1841090-0TD-04,六角法兰面螺栓,correct,mixed,True,False,easy
DL0P1353-Z,DL0P1353-Z,DL0P1353-Z,直管,correct,correct,True,True,easy
Q4501265-R7,Q4501265-R7,Q4501265-R7,半圆头平头铆钉,correct,correct,True,True,easy
DL1N1056,DL1N1056,DL1N1056,泡沫支撑钢丝,correct,correct,True,True,easy
Q1862060F60,Q1862060F60,Q1862060F60,六角法兰面螺栓(2.5的粗牙),correct,correct,True,True,easy
DLOP1562,DLOP1562,DL0P1562,杂物盒挂面套右钢丝,substitute,substitute,False,False,easy
RQ370B08,R03708D8,RQ370B08,螺母,correct,mixed,True,False,easy
Q40112-RH-01,Q40112-RH-01,Q40112-RH-01,平垫圈300HV,correct,correct,True,True,easy
C115701000,C115701000,C115701000,铁底座,correct,correct,True,True,easy
Q32008T13F3-01,Q32008T13F30-1,Q32008T13F3-01,螺母,correct,mixed,True,False,easy
Q27A42L6F62-T5,Q27A42L6F62-T5,Q27A4216F62-T5,内六角花形盘头自攻螺钉,substitute,substitute,False,False,easy
5001080-SG-1,S001080056-1,5001080-SG-1,螺旋弹簧,correct,mixed,True,False,easy
Q1841470-0TD-01,Q184I470-07D-01,Q1841470-0TD-01,六角法兰面螺栓,correct,mixed,True,False,easy
L0565642-Z,L0565642-Z,L0565642-Z,Z形管,correct,correct,True,True,easy
Q1841660TF60,Q1841660TF60,Q1841660TF60,六角法兰面螺栓M16X60,correct,correct,True,True,easy
3504040-B00022751-01,3504040-BD00-2751-01,3504040-B00022751-01,扭簧,correct,mixed,True,False,easy
DL5P2017,DL5P2017,DL5P2017,钢丝,correct,correct,True,True,easy
L002059061-Z,LD020590-I-Z,L002059061-Z,直管,correct,mixed,True,False,easy
2904243-T38H0-02,29042430738H0-02,2904243-T38H0-02,六角头螺栓,correct,mixed,True,False,easy
DLEW117T,DL3W1177,DL3W1177,齿板限位螺栓,mixed,correct,False,True,medium
Q18516110-0ZD-02,Q185I611-00ZD-02,Q18516110-0ZD-02,六角法兰面螺栓,correct,mixed,True,False,easy
SXQ151B20315TF62-04,S001S1820315TF62-04,SXQ151B20315TF62-04,六角头螺栓,correct,mixed,True,False,easy
3504024-2GN0A,3504024-ZG00-,3504024-2GN0A,扭簧,correct,mixed,True,False,easy
6800F5-072-01(DL731502-01),GB0D050072-01(DL731502-01),6800F5-072-01(DL731502-01),钢丝,correct,mixed,True,False,easy
Q1851245-T5,Q185I245-75,Q1851245-T5,六角法兰面螺栓,correct,mixed,True,False,easy
RQ45O146S-01,RQ4501465-01,RQ4501465-01,倒角铆钉,mixed,correct,False,True,medium
3E0EC-0G8-O1,EED-000G8-O1,3303C-068-01,压簧,mixed,mixed,False,False,hard
Q1841870-0ZD-01,Q184I870-0ZD-01,Q1841870-0ZD-01,六角法兰面螺栓,correct,substitute,True,False,easy
Q1851455-0ZD,Q185I455-0ZD,Q1851455-0ZD,六角法兰面螺栓,correct,substitute,True,False,easy
Q4501258-R7,Q4501258-R7,Q4501258-R7,半圆头平头铆钉,correct,correct,True,True,easy
AB010030O062B01,AB010030O062B01,AB0100300062B01,内六角花形盘头螺钉Q2150308-NIZN,substitute,substitute,False,False,easy
Q4501428,QA501428,Q4501428,铆钉,correct,substitute,True,False,easy
Q18516100-0FG-02,Q185I610-00FG-02,Q18516100-0FG-02,六角法兰面螺栓,correct,mixed,True,False,easy
Q33008T2F62-T5,Q33008T2F62-T5,Q33008T2F62-T5,全金属六角法兰面锁紧螺母,correct,correct,True,True,easy
Q2501670TF62-01,Q2501670TF62-01,Q2501670TF62-01,内六角沉头螺钉,correct,correct,True,True,easy
Q4500819-LZJF-01,Q4500819-LZJF-01,Q4500819-LZJF-01,半圆头铆钉,correct,correct,True,True,easy
00ZGLE000132,002603000132,002613000132,减震器簧,mixed,substitute,False,False,hard
1602014-C65,16020140065,1602014-C65,弹簧,correct,mixed,True,False,easy
57F-03058,STF-03058,57F-03058,压簧,correct,mixed,True,False,easy
Q450146B-LZJF-O1,Q4501468-LZJF-O1,Q4501468-LZJF-01,半圆头铆钉,mixed,substitute,False,False,medium
Q4501236-LZJF-01,Q4501236-LZJF-01,Q4501236-LZJF-01,半圆头铆钉,correct,correct,True,True,easy
Q2744213F6Z-0L,Q2744213F6Z-0L,Q27A4213F62-01,内六角花形盘头自攻螺钉,mixed,mixed,False,False,medium
00L71300065A-0L,000713000654-00,001713000654-01,悬架簧,mixed,mixed,False,False,medium
Q4501224,Q4501224,Q4501224,半圆头平头铆钉,correct,correct,True,True,easy
DL1S1537,DL1S1537,DL1S1537,钢丝,correct,correct,True,True,easy
Q1840620TF62-01,Q184D620-062-01,Q1840620TF62-01,六角法兰面螺栓,correct,mixed,True,False,easy
Q150B22160TF2,Q150B22160TF2,Q150B22160TF2,10.9级六角头螺栓,correct,correct,True,True,easy
GS201600-01(DL781501-01),GSZD1600-01(DL781501-01),GS201600-01(DL781501-01),钢丝,correct,mixed,True,False,easy
5O*50*5,50*50*5,50*50*5,等边角钢,substitute,correct,False,True,easy
001713000406,001713000406,001713000406,减震器簧,correct,correct,True,True,easy
Q401B16T28F3-01,Q401816T28F3-01,Q401B16T28F3-01,平垫圈,correct,substitute,True,False,easy
AB0100800057B01-01,AB0100800057B01-01,AB0100800057B01-01,六角法兰面螺栓Q1840820-NIZN,correct,correct,True,True,easy
Q150B0612T1F62,Q150B061ZT1F62,Q150B0612T1F62,六角头螺栓,correct,substitute,True,False,easy
Q215B0612T1F62-T5,Q21S8061271-62-T5,Q215B0612T1F62-T5,内六角花形盘头螺钉,correct,mixed,True,False,easy
RQ4501034-T5,RQ4501034-T5,RQ4501034-T5,半圆头倒角铆钉,correct,correct,True,True,easy
DL6L23533(L002784594NCP),D060235330-DDZT8459-NCP),DL6L23583(L002784594NCP),发泡钢丝,substitute,mixed,False,False,easy
Q1840845,Q1840845,Q1840845,螺栓,correct,correct,True,True,easy
3704901-C7300-03,3704901-C7300-03,3704901-C7300-03,防盗螺栓,correct,correct,True,True,easy
002613000031,002613000031,002613000031,减震器簧,correct,correct,True,True,easy
A059U7E5,A059U735,A059U735,六角法兰面螺栓,substitute,correct,False,True,easy
DN32,DN32,DN32,PPR弯头,correct,correct,True,True,easy
Q510B0514,Q510B0514,Q510B0514,销轴,correct,correct,True,True,easy
Q1840825-0RH-01,Q184D825-00H-01,Q1840825-0RH-01,六角法兰面螺栓,correct,mixed,True,False,easy
Y0102486-Z,Y010248602,Y0102486-Z,管型件,correct,mixed,True,False,easy
RQ4501448-T5,RQ4501448-T5,RQ4501448-T5,半圆头倒角铆钉,correct,correct,True,True,easy
Q1840825-0TD,Q184D825-07D,Q1840825-0TD,六角法兰面螺栓,correct,mixed,True,False,easy
5001043-C4303-B-01,5001043-C4303-B-01,5001043-C4303-B-01,右悬置-前悬置,correct,correct,True,True,easy
DL6W1290,DL6W1290,DL6W1290,钢丝,correct,correct,True,True,easy
DL1N1094,DL1N1094,DL1N1094,坐垫钢丝9,correct,correct,True,True,easy
6802131-C1114(DL931501),GB021310C1114(DL931501),6802131-C1114(DL931501),钢丝,correct,mixed,True,False,easy
Q1841030T1F62,Q184I030-1062,Q1841030T1F62,六角法兰面螺栓,correct,mixed,True,False,easy
35E-01064-01,35E-01064-01,35E-01064-01,回动弹簧-制动蹄,correct,correct,True,True,easy
E200053260,E200053260,E200053260,后螺旋弹簧,correct,correct,True,True,easy
11QA-08023,1104008-ZE,11QA-08023,扭簧,correct,mixed,True,False,easy
3502N-164-01,35D-00164-01,3502N-164-01,拉簧,correct,mixed,True,False,easy
Q4501240F62-W-01,Q4501240-G2-W-01,Q4501240F62-W-01,半圆头铆钉,correct,mixed,True,False,easy
6801101-C4300DL871501),GB0I1010C4300DL871501),6801101-C4300(DL871501),钢丝,delete,mixed,False,False,easy
DL5B1028-2,DL5B1028-2,DL5B1028-2,钢丝,correct,correct,True,True,easy
DL0A1134,DL0A1134,DL0A1134,坐垫钢丝1,correct,correct,True,True,easy
226L1-EG101,226L1-EG101,226L1-E6101,60%侧靠背板管,substitute,substitute,False,False,easy
Q1840630T1F62,Q184D630-1062,Q1840630T1F62,六角法兰面螺栓,correct,mixed,True,False,easy
2901901-KG500,2901901-K6500,2901901-KG500,U形螺栓螺母,correct,substitute,True,False,easy
Q18518120-0FH,Q185I812-00FH,Q18518120-0FH,六角法兰面螺栓,correct,mixed,True,False,easy
2935148-H0101-F6-02,2935148-H0101-F6-02,2935148-H0101-F6-02,紧固螺栓-盖板,correct,correct,True,True,easy
2904242-X1900,2904242-X1900,2904242-X1900,六角螺栓,correct,correct,True,True,easy
Q4501422-01,Q4501422-D1,Q4501422-01,半圆头平头铆钉,correct,substitute,True,False,easy
DL2J1175-Z,DLZJ1175-Z,DL2J1175-Z,直管,correct,substitute,True,False,easy
RQ4501050,RQ4501050,RQ4501050,倒角铆钉,correct,correct,True,True,easy
DL4Z1079,DL421079,DL4Z1079,造型钢丝,correct,substitute,True,False,easy
6805116-C1114,GB0S1160C1114,6805116-C1114,钢丝,correct,mixed,True,False,easy
10028275,10028275,10028275,外六角螺钉,correct,correct,True,True,easy
6905VD4-016-B(DL741518),GA0S0040016-B(DL741518),6905VD4-016-B(DL741518),钢丝,correct,mixed,True,False,easy
Q4501438-T5,Q4501438-T5,Q4501438-T5,半圆头铆钉,correct,correct,True,True,easy
6800314-C6100,6800314-C6100,6800314-C6100,定位销,correct,correct,True,True,easy
L002649628(DL6L2163),L002649628-DL6L2163-,L002649628(DL6L2163),发泡钢丝,correct,mixed,True,False,easy
Q173B14105,Q173B14105,Q173B14105,杆部带孔螺栓,correct,correct,True,True,easy
DL4Z1027,DL421027,DL4Z1027,造型钢丝,correct,substitute,True,False,easy
2*2.5,2*2.5,2*2.5,铜护套线,correct,correct,True,True,easy
L0724994,L0724994,L0724994,前排乘客座外侧旁侧板支撑钢丝A(四向手动),correct,correct,True,True,easy
2904243-T38H0-F7-04,29042430738H0-F7-04,2904243-T38H0-F7-04,六角头螺栓,correct,mixed,True,False,easy
YZC3*25+1*16,YZC3*25+1*16,YZC3*25+1*16,橡套电缆线,correct,correct,True,True,easy
A059U574,A059U574,A059U574,六角法兰面螺栓,correct,correct,True,True,easy
L002695503NCP,L002695503-CP,L002695503NCP,管型件,correct,substitute,True,False,easy
Q151B1635-04,Q151B1635-04,Q151B1635-04,六角头螺栓,correct,correct,True,True,easy
5004320-G17101-01,5004320-GI71-1001,5004320-G17101-01,扭簧,correct,mixed,True,False,easy
Q4501045,Q4501045,Q4501045,半圆头平头铆钉,correct,correct,True,True,easy
6915N-238(DL741501),GA1S00238(DL741501),6915N-238(DL741501),钢丝,correct,mixed,True,False,easy
82C24-02009-10,BZC-4002009-10,82C24-02009-10,压簧,correct,mixed,True,False,easy
3501E-059,ESD-30059,3501E-059,压簧,correct,mixed,True,False,easy
DL5LL187-Z,DL5L0187-Z,DL5L1187-Z,管件,substitute,substitute,False,False,easy
Q4501434-R7,Q4501434-R7,Q4501434-R7,半圆头平头铆钉,correct,correct,True,True,easy
DZ47LE-63,024TLE-63,DZ47LE-63,空开,correct,mixed,True,False,easy
Q18516-PFT-0RH-01,Q18516-PFT-0RH-01,Q18516-PFT-0RH-01,PFT螺栓,correct,correct,True,True,easy
Q67258,Q67258,Q67258,卡箍,correct,correct,True,True,easy
8406509-C4101-2,BA0G5090C4101-2,8406509-C4101-2,钢丝,correct,mixed,True,False,easy
DL6E1061,DL6E1061,DL6E1061,钢丝,correct,correct,True,True,easy
2935148-H0101,2935148-H0101,2935148-H0101,六角螺栓,correct,correct,True,True,easy
DL6Q1284,DL6Q1284,DL6Q1284,钢丝,correct,correct,True,True,easy
A067L55G-01,A067L556-01,A067L556-01,六角法兰面螺栓,substitute,correct,False,True,easy
Q151C1285TF62-0TF,Q151C1285TF62-0TF,Q151C1285TF62-0TF,六角头螺栓,correct,correct,True,True,easy
RQ4501255-01,RQ4501255-01,RQ4501255-01,倒角铆钉,correct,correct,True,True,easy
Y0101044(DL6P1127),Y0101044(DL6P1127),Y0101044(DL6P1127),安装螺栓M6,correct,correct,True,True,easy
3504038-C3100-LS-01,ESDA-3800310-00S-01,3504038-C3100-LS-01,回位弹簧,correct,mixed,True,False,easy
2935148-T68NO-01,2935148-T68NO-01,2935148-T68N0-01,紧固螺栓-盖板,substitute,substitute,False,False,easy
Q4501258-LZJF,Q4501258-LZJF,Q4501258-LZJF,半圆头铆钉,correct,correct,True,True,easy
Q4501228-FT-01,Q4501228-F7-01,Q4501228-FT-01,半圆头平头铆钉,correct,substitute,True,False,easy
Y0300097,Y0300097,Y0300097,锁止连杆,correct,correct,True,True,easy
DL2R2129,DL2R2129,DL2R2129,后排坐垫骨架钢丝H,correct,correct,True,True,easy
E504025-0Z301-01,3504025-D2301-01,3504025-DZ301-01,制动扭簧,mixed,substitute,False,False,medium
AB0101000090B01-01,AB0101000090B01-01,AB0101000090B01-01,Q1461030-NIZN螺栓组合件,correct,correct,True,True,easy
Y0100B41,Y0100841,Y0100841,主驾调节器解锁轴,substitute,correct,False,True,easy
A0G6X38B-0A,A066X388-04,A066X388-04,六角法兰面螺栓,mixed,correct,False,True,medium
1602012—-5A28-01,1602012-AS42-001,1602012—SA28-01,扭簧,mixed,mixed,False,False,medium
Q33316T2F62-01,Q33316T2F62-01,Q33316T2F62-01,全金属六角锁紧螺母,correct,correct,True,True,easy
M12,M12,M12,球头手柄,correct,correct,True,True,easy
Q4501028-LZJF-01,Q4501028-LZJF-01,Q4501028-LZJF-01,半圆头铆钉,correct,correct,True,True,easy
RQ1851025-F7-04,R018S102-007-04,RQ1851025-F7-04,六角法兰面螺栓,correct,mixed,True,False,easy
DL0P1453,DL0P1453,DL0P1453,旋转轴,correct,correct,True,True,easy
Q1841080T1F62-01,Q184I080-1062-01,Q1841080T1F62-01,六角法兰面螺栓,correct,mixed,True,False,easy
35E-01064-2,35E-01064-2,35E-01064-2,连杆,correct,correct,True,True,easy
Q2300512F62-01,Q2300512F62-01,Q2300512F62-01,十字槽盘头螺钉、平垫组合件,correct,correct,True,True,easy
35ZQ50A-04028-01,3520504-DA02-001,35ZQ50A-04028-01,扭簧,correct,mixed,True,False,easy
DL2J1021,DLZJ1021,DL2J1021,靠背蛇形簧,correct,substitute,True,False,easy
Q18420140-0ZD-01,Q1842014-00ZD-01,Q18420140-0ZD-01,六角法兰面螺栓,correct,mixed,True,False,easy
Q40518,Q40518,Q40518,重型弹簧垫圈,correct,correct,True,True,easy
2904242-X1900-01,2904242-X1900-01,2904242-X1900-01,六角螺栓,correct,correct,True,True,easy
Q1840825-020(0TD)-04,Q184D825-020(0TD)-04,Q1840825-0ZD(0TD)-04,六角法兰面螺栓,mixed,mixed,False,False,medium
A054T560,A054T560,A054T560,六角法兰面螺栓,correct,correct,True,True,easy
AB0100500115B01,AB0100500115B01,AB0100500115B01,内六角花形盘头螺钉Q2150512-NIZN,correct,correct,True,True,easy
DL4Z1075,DL421075,DL4Z1075,造型钢丝,correct,substitute,True,False,easy
RQ4501444-T5,RQ4501444-T5,RQ4501444-T5,半圆头倒角铆钉,correct,correct,True,True,easy
Q450LZZ8-F3,Q4500228-F3,Q4501228-F3,半圆头铆钉,mixed,substitute,False,False,medium
DL5B1697,DL5B1697,DL5B1697,管件,correct,correct,True,True,easy
10028656,10028656,10028656,法兰螺钉,correct,correct,True,True,easy
DL1S1015,DL1S1015,DL1S1015,靠背铰链,correct,correct,True,True,easy
3504011-KN01,3504011-KN01,3504011-KN01,扭簧,correct,correct,True,True,easy
DL4Z1007,D0421007,DL4Z1007,管型件,correct,mixed,True,False,easy
Q150B20200-0FH-01,Q150B20200-0FH-01,Q150B20200-0FH-01,六角头螺栓,correct,correct,True,True,easy
DZ93259930122,D293259930122,DZ93259930122,垫圈,correct,substitute,True,False,easy
2935148-VA511-02,2935148-VA511-02,2935148-VA511-02,紧固螺栓-盖板,correct,correct,True,True,easy
Q1841485-0TF,Q184I485-07F,Q1841485-0TF,六角法兰面螺栓,correct,mixed,True,False,easy
Q1841650TF62-04,Q184I650-062-04,Q1841650TF62-04,六角法兰面螺栓,correct,mixed,True,False,easy
L0586588(DL3P2033),LD5B6588(DL3P2033),L0586588(DL3P2033),钢丝,correct,mixed,True,False,easy
1108124-T0500,11D-124070500,1108124-T0500,拉簧,correct,mixed,True,False,easy
Q1840850-F7,Q184D850-07,Q1840850-F7,六角法兰面螺栓,correct,mixed,True,False,easy
Q150B0610T1F62-01,Q150B0610T1F62-01,Q150B0610T1F62-01,六角头螺栓,correct,correct,True,True,easy
2904241-TL400,29042410-0400,2904241-TL400,六角法兰面螺栓,correct,mixed,True,False,easy
35A07B-01033,ESA-78001033,35A07B-01033,压簧,correct,mixed,True,False,easy
2935469-HA410,293546A00A41-,2935469-HA410,螺母,correct,mixed,True,False,easy
Q67222.1,Q67222.1,Q67222.1,簧圈,correct,correct,True,True,easy
6800318-C6100,G8003180CG10-,6800318-C6100,螺栓,correct,mixed,True,False,easy
Q150B0612T1F62-T5,Q150B061ZT1F62-T5,Q150B0612T1F62-T5,六角头螺栓,correct,substitute,True,False,easy
DL3N2103,DL3N2103,DL3N2103,前椅坐垫发泡U型吊紧钢丝,correct,correct,True,True,easy
CL0P1S9O,00D-1590,DL0P1590,拉簧,mixed,mixed,False,False,medium
5001042-C0302,500104200030-,5001042-C0302,悬架簧,correct,mixed,True,False,easy
001713000639-01,001713000639-01,001713000639-01,悬架簧,correct,correct,True,True,easy
0LLN11A8,DL0N1148,DL1N1148,弯管,mixed,substitute,False,False,medium
Q150B1270-0RH,Q150B1270-0RH,Q150B1270-0RH,M12X70六角头螺钉10.9级,correct,correct,True,True,easy
10BF11-08032,ID8F1100-032,10BF11-08032,双头螺栓,correct,mixed,True,False,easy
Q1502065TF60-01,Q15020657F60-01,Q1502065TF60-01,六角头螺栓,correct,substitute,True,False,easy
A067X171,A067X171,A067X171,六角法兰面螺栓,correct,correct,True,True,easy
Q2710412,Q2710412,Q2710412,自攻螺钉,correct,correct,True,True,easy
Q4501250F62-W,Q4501250-G2-W,Q4501250F62-W,半圆头铆钉,correct,mixed,True,False,easy
Q1841675-0ZD,Q184I675-0ZD,Q1841675-0ZD,六角法兰面螺栓,correct,substitute,True,False,easy
DL5P2018,DL5P2018,DL5P2018,钢丝,correct,correct,True,True,easy
9002023-91215-0TF,9002023-91215-0TF,9002023-91215-0TF,六角法兰面螺母,correct,correct,True,True,easy
SXQ1851860TF62,S001B518-07F62,SXQ1851860TF62,六角法兰面螺栓,correct,mixed,True,False,easy
Q32012(T3)-01,Q3201ZA73A00-,Q32012(T3)-01,螺母,correct,mixed,True,False,easy
8406509-C4101-7,BA0G5090C4101-7,8406509-C4101-7,钢丝,correct,mixed,True,False,easy
DL7G1035-W,DL7G1035-W,DL7G1035-W,60%外侧ISOFIX钢丝,correct,correct,True,True,easy
1604049-C3100-LS,IGDA-4900310-00S,1604049-C3100-LS,回位弹簧,correct,mixed,True,False,easy
Q18420140-0FH-01,Q1842014-00FH-01,Q18420140-0FH-01,六角法兰面螺栓,correct,mixed,True,False,easy
291B106-H0100-F7-03,2918106-H0100-07-03,2918106-H0100-F7-03,空气弹簧用螺栓,substitute,substitute,False,False,easy
3504038-C5A00-LS-01,ESDA-3800540-00S-01,3504038-C5A00-LS-01,回位弹簧,correct,mixed,True,False,easy
16QA4-02039-B,1604400-DE90-,16QA4-02039-B,扭簧,correct,mixed,True,False,easy
6905126-C1100,6905126-C1100,6905126-C1100,阶梯螺栓M8,correct,correct,True,True,easy
H650300000114Z-1,065030000011-201,H650300000114Z-1,减震器簧,correct,mixed,True,False,easy
Q1980612T25-01,Q198061ZT25-01,Q1980612T25-01,承面凸焊螺栓,correct,substitute,True,False,easy
YOL0227O,YOL0227O,Y0102270,六分ISOFIX组件钢丝2,mixed,mixed,False,False,medium
Q4501034-LZJF,Q4501034-LZJF,Q4501034-LZJF,半圆头铆钉,correct,correct,True,True,easy
J1J0-5780-AA,J1J0-5780-AA,J1J0-5780-AA,右弹簧环衬套销,correct,correct,True,True,easy
1602049-C0101-01,1602049-CD10-001,1602049-C0101-01,扭簧,correct,mixed,True,False,easy
M450200000045Z-3,045020000004-203,M450200000045Z-3,减震器簧,correct,mixed,True,False,easy
Q4501440-R7,Q4501440-R7,Q4501440-R7,半圆头平头铆钉,correct,correct,True,True,easy
DL5B1343,DL5B1343,DL5B1343,钢丝,correct,correct,True,True,easy
DL5L1308,DL5L1308,DL5L1308,ISOFIX钢丝-4,correct,correct,True,True,easy
Q1851230-0RH-04,Q185I230-00H-04,Q1851230-0RH-04,六角法兰面螺栓,correct,mixed,True,False,easy
DL1M1045,DL1M1045,DL1M1045,坐垫侧泡沫支撑钢丝,correct,correct,True,True,easy
35DD-04019,35D-004019,35DD-04019,拉簧,correct,mixed,True,False,easy
6800F5-221(DL871511),GB0D050221(DL871511),6800F5-221(DL871511),钢丝,correct,mixed,True,False,easy
DL6W1367,DL6W1367,DL6W1367,钢丝,correct,correct,True,True,easy
Q215B0816T1F62-T5,Q21S8081G71-62-T5,Q215B0816T1F62-T5,内六角花形盘头螺钉,correct,mixed,True,False,easy
Q2501670TF62-0TF,Q2501670TF62-0TF,Q2501670TF62-0TF,内六角沉头螺钉,correct,correct,True,True,easy
Q18516110-0FG-03,Q185I611-00FG-03,Q18516110-0FG-03,六角法兰面螺栓,correct,mixed,True,False,easy
Q4501Z40F62,Q4501240F62,Q4501240F62,冷镦铆钉,substitute,correct,False,True,easy
RQ4501250-T5,RQ4501250-T5,RQ4501250-T5,半圆头倒角铆钉,correct,correct,True,True,easy
RM02HT061,R00207-GI,RM02HT061,M6弹簧垫圈,correct,mixed,True,False,easy
2935148-HA410-0TF,2935I480-4410-0TF,2935148-HA410-0TF,六角法兰面螺栓,correct,mixed,True,False,easy
Q2560525-Z5,Q2560525-25,Q2560525-Z5,十字槽半沉头螺钉,correct,substitute,True,False,easy
002613000132-01,002613000132-01,002613000132-01,减震器簧,correct,correct,True,True,easy
A062X986,A06ZX986,A062X986,六角法兰面螺栓,correct,substitute,True,False,easy
0218B0516-01,0218B0516-01,Q218B0516-01,固定M5*16内六角螺栓组合件,substitute,substitute,False,False,easy
400-1057-5-1-04,4000105-A50I0-4,400-1057-5-1-04,冷镦螺栓,correct,mixed,True,False,easy
A059R171-01,A059R171-01,A059R171-01,六角法兰面螺栓,correct,correct,True,True,easy
00ZG130O0044-O2,002613000044-02,002613000044-02,悬架簧,mixed,correct,False,True,hard
Q4501432-FT-01,Q4501432-F7-01,Q4501432-FT-01,半圆头铆钉,correct,substitute,True,False,easy
Q4501232-FT-01,Q4501232-F7-01,Q4501232-FT-01,半圆头平头铆钉,correct,substitute,True,False,easy
Q218B0820TF62-0TF,Q218B0820TF62-07F,Q218B0820TF62-0TF,内六角圆柱头螺钉,correct,substitute,True,False,easy
A060C719-04,A060C719-04,A060C719-04,六角法兰面螺栓,correct,correct,True,True,easy
SXQ18114110TF62-0TF,S0018114II07-62-0TF,SXQ18114110TF62-0TF,六角法兰面带齿螺栓,correct,mixed,True,False,easy
Q1460308-B1(L02020080),Q1460308-B1(L02020080),Q1460308-B1(L02020080),M3*8组合外六角螺栓,correct,correct,True,True,easy
Q4501434-CHJF-01,Q4501434A00-0001,Q4501434-CHJF-01,冷镦铆钉,correct,mixed,True,False,easy
Q4501034-F3,Q4501034-F3,Q4501034-F3,半圆头铆钉,correct,correct,True,True,easy
5001043-T7102,5001043-T7102,5001043-T7102,压缩弹簧,correct,correct,True,True,easy
Q27A4225F62,Q27A4225F62,Q27A4225F62,内六角花形盘头自攻螺钉,correct,correct,True,True,easy
Q150B20230-F7-04,Q150B20230-F7-04,Q150B20230-F7-04,六角头螺栓,correct,correct,True,True,easy
DL3N1116,DL3N1116,DL3N1116,外护板固定钢丝，6向手动,correct,correct,True,True,easy
690S/D3-186,6905003-I86,6905VD3-186,蛇簧,mixed,mixed,False,False,medium
Q450102Z-R7,Q4501022-R7,Q4501022-R7,平头铆钉,substitute,correct,False,True,easy
L002695505NCP,L002695505-CP,L002695505NCP,管型件,correct,substitute,True,False,easy
Q340818-ORH,Q340B18-ORH,Q340B18-0RH,1型六角螺母,mixed,substitute,False,False,medium
Q1840820-0ZD(0TD),Q184D820-0ZD(0TD),Q1840820-0ZD(0TD),六角法兰面螺栓,correct,substitute,True,False,easy
Q1811475TF62-01,Q1811475TF62-01,Q1811475TF62-01,六角法兰面带齿螺栓,correct,correct,True,True,easy
0LZJZ1A9,0LZJZ1A9,DL2J2149,后排坐垫泡沫吊紧钢丝03,mixed,mixed,False,False,hard
AZ731010A251VAC,A2731010A251VAC,AZ731010A251VAC,行程开关,correct,substitute,True,False,easy
5003096-C7301,S003D960-7301,5003096-C7301,六角法兰面螺栓,correct,mixed,True,False,easy
16ZB1-02039,16Z-1002039,16ZB1-02039,拉簧,correct,mixed,True,False,easy
1602049-C7300,IGDZ-4900730-,1602049-C7300,回位弹簧,correct,mixed,True,False,easy
4254930001,4254930001,4254930001,定位钉,correct,correct,True,True,easy
AB221HW44-04,A82ZI004-004,AB221HW44-04,六角法兰面螺栓,correct,mixed,True,False,easy
DL5L1066,DL5L1066,DL5L1066,钢丝,correct,correct,True,True,easy
DL291223-Z,DLZA1223-Z,DL291223-Z,直管,correct,mixed,True,False,easy
A062X995-01,A06ZX995-01,A062X995-01,六角法兰面螺栓,correct,substitute,True,False,easy
Q32112,Q32112,Q32112,六角法兰面螺母,correct,correct,True,True,easy
1701913-9A002,1701913-9A002,1701913-9A002,锥端弹性开口销,correct,correct,True,True,easy
A054T563-01,A054T563-01,A054T563-01,六角法兰面螺栓,correct,correct,True,True,easy
Q1841030-01,Q1841030-01,Q1841030-01,M10X30兴角法兰面螺栓,correct,correct,True,True,easy
Q67216.1,Q67216.1,Q67216.1,簧圈,correct,correct,True,True,easy
AB0100800057B01,AB0100800057B01,AB0100800057B01,六角法兰面螺栓Q1840820-NIZN,correct,correct,True,True,easy
Q1840812TF3,Q184D812-03,Q1840812TF3,六角法兰面螺栓,correct,mixed,True,False,easy
Q1841870-03,Q184I870-03,Q1841870-03,六角法兰面螺栓,correct,substitute,True,False,easy
Q500B0460,Q500B0460,Q500B0460,开口销,correct,correct,True,True,easy
L002695502-Z,L002695502-Z,L002695502-Z,管型件,correct,correct,True,True,easy
L0332908-Z,LD3E2908-Z,L0332908-Z,直管,correct,mixed,True,False,easy
Q4501446-LZJF-01,Q4501446-LZJF-01,Q4501446-LZJF-01,半圆头铆钉,correct,correct,True,True,easy
Q1840820T1F62-01,Q184D820-1062-01,Q1840820T1F62-01,六角法兰面螺栓,correct,mixed,True,False,easy
5101057-C0100,S1010570CD10-,5101057-C0100,螺栓,correct,mixed,True,False,easy
Q353B18-01,Q353B180-1,Q353B18-01,六角法兰面螺栓,correct,mixed,True,False,easy
L0322462-01,L0322462-01,L0322462-01,滑道解锁手柄,correct,correct,True,True,easy
AB0100600040B01-01,AB0100600040B01-01,AB0100600040B01-01,螺钉GB/T70.1M6X12黑锌8.8级,correct,correct,True,True,easy
DL6W1362,DL6W1362,DL6W1362,钢丝,correct,correct,True,True,easy
Q150B1465,Q150B1465,Q150B1465,六角头螺栓,correct,correct,True,True,easy
RQ2730625,RQ2730625,RQ2730625,自攻螺钉,correct,correct,True,True,easy
DL4Z1093-Z,D042109302,DL4Z1093-Z,管型件,correct,mixed,True,False,easy
6911033-C6104,6911033-C6104,6911033-C6104,导柱,correct,correct,True,True,easy
Q1840816(T3)-04,Q184D816-73)-04,Q1840816(T3)-04,六角法兰面螺栓,correct,mixed,True,False,easy
Q4501465-01,Q4501465-D1,Q4501465-01,半圆头平头铆钉,correct,substitute,True,False,easy
L0399212,L0399212,L0399212,靠背锁钢丝,correct,correct,True,True,easy
Q4501436F62-W-01,Q4501436-G2-W-01,Q4501436F62-W-01,半圆头铆钉,correct,mixed,True,False,easy
6921W-036-01(DL741516-01),GAZI00036-01(DL741516-01),6921W-036-01(DL741516-01),钢丝,correct,mixed,True,False,easy
6805125-C1114,6805125-C1114,6805125-C1114,蛇簧,correct,correct,True,True,easy
QL8114407F62-04,Q0811440TF62-04,Q1811440TF62-04,六角法兰面带齿螺栓,mixed,substitute,False,False,medium
2918106-T30R0-02,2918106-T3000-02,2918106-T30R0-02,空气弹簧用螺栓,correct,substitute,True,False,easy
A062X988-04,A06ZX988-04,A062X988-04,六角法兰面螺栓,correct,substitute,True,False,easy
DL5B1027-2,DL5B1027-2,DL5B1027-2,钢丝,correct,correct,True,True,easy
Q1841240-SZO,Q184I240-5ZO,Q1841240-SZ0,六角法兰面螺栓,substitute,mixed,False,False,easy
Q4501230F62-01,Q4501230F62-01,Q4501230F62-01,冷镦铆钉,correct,correct,True,True,easy
Q351B12,Q351B12,Q351B12,六角薄螺母,correct,correct,True,True,easy
DL6W1264-1,DL6W1264-I,DL6W1264-1,纵向支撑管,correct,substitute,True,False,easy
6800F5-073(DL731503),GB0D050073(DL731503),6800F5-073(DL731503),钢丝,correct,mixed,True,False,easy
3504038-S5800-01,3504038-SS80-001,3504038-S5800-01,扭簧,correct,mixed,True,False,easy
Q1B40620-F7-04,Q184D620-07-04,Q1840620-F7-04,六角法兰面螺栓,substitute,mixed,False,False,easy
RQA501OAZ,RQ4501042,RQ4501042,倒角铆钉,mixed,correct,False,True,hard
DL2U1005,DL2U1005,DL2U1005,坐垫骨架后横向钢丝1,correct,correct,True,True,easy
G110026J-F0100,61I-02600F0100,G110026J-F0100,拉簧,correct,mixed,True,False,easy
2906052-9D001L-01,2906052-9D001L-01,2906052-9D001L-01,下销-横向稳定杆,correct,correct,True,True,easy
Q4501448,Q4501448,Q4501448,半圆头平头铆钉,correct,correct,True,True,easy
Q1841235-0H1,Q184I235-001,Q1841235-0H1,六角法兰面螺栓,correct,mixed,True,False,easy
L0722045(DL3L2231),L0722045-DL3L2231-,L0722045(DL3L2231),后排座垫发泡预埋钢丝A,correct,mixed,True,False,easy
Q4501238-R7,Q4501238-R7,Q4501238-R7,平头铆钉,correct,correct,True,True,easy
A059U733-01,A059U733-01,A059U733-01,六角法兰面螺栓,correct,correct,True,True,easy
Q510B1285-04,Q510B1285-04,Q510B1285-04,销轴,correct,correct,True,True,easy
DF9C3203,DF9C3203,DF9C3203,双头螺栓,correct,correct,True,True,easy
Q18516110-0FG-01,Q185I611-00FG-01,Q18516110-0FG-01,六角法兰面螺栓,correct,mixed,True,False,easy
3504038J-0C6502,3504038J-0C6502,3504038J-0C6502,回位弹簧-制动踏板,correct,correct,True,True,easy
RQ1760825-F7,RQ1760825-F7,RQ1760825-F7,十字槽六角头短圆端螺栓,correct,correct,True,True,easy
RQ1851016-F6,R018S101-006,RQ1851016-F6,六角法兰面螺栓,correct,mixed,True,False,easy
Q1841435TF3,Q184I435-03,Q1841435TF3,六角法兰面螺栓,correct,mixed,True,False,easy
Q18420130-0FG-04,Q1842013-00FG-04,Q18420130-0FG-04,六角法兰面螺栓,correct,mixed,True,False,easy
Q4501A35-FT,Q4501435-F7,Q4501435-FT,半圆头铆钉,substitute,substitute,False,False,easy
SXQ18116115TF62-01,S0018116II57-62-01,SXQ18116115TF62-01,六角法兰面带齿螺栓,correct,mixed,True,False,easy
M1B-RS-07L,M18-RS-070,M18-RS-071,钢管,mixed,substitute,False,False,medium
Q4501440-CHJF-01,Q4501440A00-0001,Q4501440-CHJF-01,冷镦铆钉,correct,mixed,True,False,easy
1703042-CF0101-01,1703042-CF01-1001,1703042-CF0101-01,扭簧,correct,mixed,True,False,easy
DL5T1078,DL5T1078,DL5T1078,钢丝,correct,correct,True,True,easy
DL4J10A2,DL4J1042,DL4J1042,钢丝,substitute,correct,False,True,easy
6911B-L27(DL741502),GA1I80027(DL741502),6911B-127(DL741502),钢丝,substitute,mixed,False,False,easy
RQ1841295-0GG-04,R018A129-00GG-04,RQ1841295-0GG-04,六角法兰面螺栓,correct,mixed,True,False,easy
Q1841020F60,Q1841020F60,Q1841020F60,六角法兰面螺栓M10X20,correct,correct,True,True,easy
DL6P1027-01,DL6P1027-01,DL6P1027-01,M10*P1.25*L25焊接螺栓,correct,correct,True,True,easy
8201125-C6100-15-A,BZD-125-C6100-15-A,8201125-C6100-15-A,压簧,correct,mixed,True,False,easy
6808404-C0204-02,6808404-C0204-02,6808404-C0204-02,圆钢,correct,correct,True,True,easy
DL5B1119,DL5B1119,DL5B1119,钢丝,correct,correct,True,True,easy
DL5B1021,DL5B1021,DL5B1021,钢丝,correct,correct,True,True,easy
Q1841055F60,Q184I055-60,Q1841055F60,六角法兰面螺栓,correct,mixed,True,False,easy
3104051J-0C6001-05,3104051J-0C6001-05,3104051J-0C6001-05,车轮螺栓,correct,correct,True,True,easy
KS101,KS101,KS101,导热硅脂,correct,correct,True,True,easy
Q4501040-01,Q4501040-D1,Q4501040-01,半圆头平头铆钉,correct,substitute,True,False,easy
SXQ1812O6STF62-07F,S0018120GS70-2007F,SXQ1812065TF62-0TF,六角法兰面带齿螺栓,mixed,mixed,False,False,medium
RQ4501465-R7,RQ4501465-R7,RQ4501465-R7,铆钉,correct,correct,True,True,easy
M16*1.5-6H,M16*1A5-6H,M16*1.5-6H,螺纹规,correct,substitute,True,False,easy
DL602033,DL602033,DL602033,后排发泡吊紧钢丝B,correct,correct,True,True,easy
DL1N2145,DL1N2145,DL1N2145,60%发泡侧支撑钢丝,correct,correct,True,True,easy
Q15LB227O-OH1,Q150B2270-OH1,Q151B2270-0H1,六角头螺栓,mixed,mixed,False,False,medium
Q1811230TF62-04,Q1811230TF62-04,Q1811230TF62-04,六角法兰面带齿螺栓,correct,correct,True,True,easy
Q1811455TF62,Q1811455TF62,Q1811455TF62,六角法兰面带齿螺栓,correct,correct,True,True,easy
002613000050,002613000050,002613000050,弹簧,correct,correct,True,True,easy
Q1841040T1F60-04,Q184I040-1060-04,Q1841040T1F60-04,六角法兰面螺栓,correct,mixed,True,False,easy
Q4501022-FT-01,Q4501022-F7-01,Q4501022-FT-01,半圆头平头铆钉,correct,substitute,True,False,easy
DL7A1030,DL7A1030,DL7A1030,管件,correct,correct,True,True,easy
RQ1841295-0TD-04,R018A129-00TD-04,RQ1841295-0TD-04,六角法兰面螺栓,correct,mixed,True,False,easy
8201186-C1100-01,BZD-186-C1100-01,8201186-C1100-01,压簧,correct,mixed,True,False,easy
Y0102287,YD1D2287,Y0102287,钢丝,correct,mixed,True,False,easy
29040L2-H19C0-P,29040L2-H19C0-P,2904012-H19C0-P,紧固螺栓-平衡轴支架,substitute,substitute,False,False,easy
L002695454-1,L002695454-I,L002695454-1,管型件,correct,substitute,True,False,easy
Q2140412,Q2140412,Q2140412,十字槽盘头螺钉,correct,correct,True,True,easy
SXQ151C1880TF62-01,SXQ151C1880TF62-01,SXQ151C1880TF62-01,六角头螺栓M18*2*80-10.9,correct,correct,True,True,easy
001713000626-01,001713000626-01,001713000626-01,悬架簧,correct,correct,True,True,easy
Q27A4816F62,Q27A4816F62,Q27A4816F62,梅花槽盘头C型自攻钉,correct,correct,True,True,easy
Q1840612T1F62,Q184D612-1062,Q1840612T1F62,六角法兰面螺栓,correct,mixed,True,False,easy
Q4501024-R,Q4501024-R,Q4501024-R7,平头铆钉,delete,delete,False,False,easy
Q18516150-0FG-04,Q185I615-00FG-04,Q18516150-0FG-04,六角法兰面螺栓,correct,mixed,True,False,easy
05010222507,D5010222507,D5010222507,共轨管回油螺钉,substitute,correct,False,True,easy
Q6720870.2,Q6720870AZ,Q6720870.2,螺栓,correct,mixed,True,False,easy
Q4501646,QA501646,Q4501646,铆钉,correct,substitute,True,False,easy
DL2R1006,DL201006,DL2R1006,铆钉,correct,substitute,True,False,easy
11.4D-O8077,11A-0008077,11.4D-08077,拉簧,substitute,mixed,False,False,easy
Q150BL610O,Q150B0610O,Q150B16100,六角头螺栓,mixed,mixed,False,False,medium
Q32020T13F60-01,Q32020T13F60-01,Q32020T13F60-01,螺母,correct,correct,True,True,easy
5001150-C1100-1,5001150-C1100A-,5001150-C1100-1,右后悬弹簧,correct,mixed,True,False,easy
Q18520130-0FG,Q1852013-00FG,Q18520130-0FG,六角法兰面螺栓,correct,mixed,True,False,easy
DL7G1143,DL7G1143,DL7G1143,钢丝,correct,correct,True,True,easy
3501D-064-01,35D-00064-01,3501D-064-01,拉簧,correct,mixed,True,False,easy
DL4Z1106,DL421106,DL4Z1106,造型钢丝,correct,substitute,True,False,easy
ESEA-3504011-01,3534035-AD11-01,ESEA-3504011-01,踏板回位扭簧,correct,mixed,True,False,easy
GS20190-01(DL871510-01),GSZD190001(DL871510-01),GS20190-01(DL871510-01),钢丝,correct,mixed,True,False,easy
2904Z43-T38H0-F6-04,29042430738H0-F6-04,2904243-T38H0-F6-04,六角头螺栓,substitute,mixed,False,False,easy
Q4501452-W-01,Q4501452-W001,Q4501452-W-01,半圆头铆钉,correct,substitute,True,False,easy
DL6W1264,DL6W1264,DL6W1264,纵向支撑管,correct,correct,True,True,easy
DL1N2102,DL1N2102,DL1N2102,前排坐垫泡沫钢丝-1,correct,correct,True,True,easy
QA501254-R7,Q4501254-R7,Q4501254-R7,半圆头平头铆钉,substitute,correct,False,True,easy
5001085-3C763-1,500108503076-01,5001085-3C763-1,减震器簧,correct,mixed,True,False,easy
DL2J1071,DLZJ1071,DL2J1071,六分解锁支架加强钢丝,correct,substitute,True,False,easy
AB0100800057B01-04,A801D080-057B01-04,AB0100800057B01-04,六角法兰面螺栓,correct,mixed,True,False,easy
2904134-K2000,2904134-K2000,2904134-K2000,球形垫圈,correct,correct,True,True,easy
9002023-91600,9002023-91600,9002023-91600,六角法兰面螺母-车架专用锁紧螺母,correct,correct,True,True,easy
DL0600021,DL0600021,DL0600021,后靠中间钢管,correct,correct,True,True,easy
35040LL-KU47-01,3504000-KU47-01,3504011-KU47-01,扭簧,mixed,mixed,False,False,medium
0L951115,DL9S1115,DL951115,钢丝,substitute,substitute,False,False,easy
DL5L1063,DL5L1063,DL5L1063,钢丝,correct,correct,True,True,easy
AB0800100037B01,AB0800100037B01,AB0800100037B01,轴用弹性挡圈Q43130,correct,correct,True,True,easy
Q4501460F62,Q4501460F62,Q4501460F62,冷镦铆钉,correct,correct,True,True,easy
YT0013342,YT0013342,YT0013342,背板支撑钢丝-1,correct,correct,True,True,easy
DL3L2253,DL3L2253,DL3L2253,后排靠背预埋钢丝C,correct,correct,True,True,easy
Q33114TL3F62-O1,Q33114TL3F62-O1,Q33114T13F62-01,全金属六角法兰面锁紧螺母,mixed,mixed,False,False,medium
Q500B3216-01,Q500B3216-01,Q500B3216-01,开口销,correct,correct,True,True,easy
Q1840625-B1,Q184D625-81,Q1840625-B1,六角法兰面螺栓,correct,mixed,True,False,easy
Q1840812TF3-01,Q184D812-03-01,Q1840812TF3-01,六角法兰面螺栓,correct,mixed,True,False,easy
Q18516110-0FH-04,Q185I611-00FH-04,Q18516110-0FH-04,六角法兰面螺栓,correct,mixed,True,False,easy
DZ9X2595681017,D2902595681017,DZ9X2595681017,垫圈,correct,mixed,True,False,easy
Q1811670TF62-0TF,Q1811670TF62-07F,Q1811670TF62-0TF,六角法兰面带齿螺栓,correct,substitute,True,False,easy
160207O-5E00-O1,IGD-070-5E00-O1,1602070-S300-01,压簧,mixed,mixed,False,False,hard
2935148-H0100-F7-P,2935148-H0100-F7-P,2935148-H0100-F7-P,紧固螺栓-盖板,correct,correct,True,True,easy
2935148-H0100-F7-02,2935148-H0100-F7-02,2935148-H0100-F7-02,六角螺栓,correct,correct,True,True,easy
Q4501442F62-01,Q450144ZF62-01,Q4501442F62-01,冷镦铆钉,correct,substitute,True,False,easy
Q1841665TF62-0TF,Q184I665-062-0TF,Q1841665TF62-0TF,六角法兰面螺栓,correct,mixed,True,False,easy
Q151B1020-NIZN-01,Q151B1020-NIZN-01,Q151B1020-NIZN-01,六角头螺栓,correct,correct,True,True,easy
Q18422L60-0ZD-04,Q18422060-0ZD-04,Q18422160-0ZD-04,锻压螺栓,substitute,substitute,False,False,easy
M450300000095Z-03-CDC-02,M450300000095Z-03-CDC-02,M450300000095Z-03-CDC-02,后悬弹簧,correct,correct,True,True,easy
Q1841260-0GT-04,Q184I260-06T-04,Q1841260-0GT-04,六角法兰面螺栓,correct,mixed,True,False,easy
Q5220614,Q5220614,Q5220614,圆柱销,correct,correct,True,True,easy
Q1841045-0H1-J1,Q184I045-001-J1,Q1841045-0H1-J1,六角法兰面螺栓,correct,mixed,True,False,easy
Q1841025F60,Q184I025-60,Q1841025F60,六角法兰面螺栓,correct,mixed,True,False,easy
F1400066M100001-01,F1400066M100001-01,F1400066_M100001-01,M10X21平头六角拉铆螺母,delete,delete,False,False,easy
1703037-NH0101-01,ITD-037-NH0101-01,1703037-NH0101-01,压簧,correct,mixed,True,False,easy
Q4501448-T5,Q4501448-T5,Q4501448-T5,半圆头铆钉,correct,correct,True,True,easy
3504070-SA12B-1,3504070-SA12-01,3504070-SA12B-1,扭簧,correct,mixed,True,False,easy
Q1841275-0TD(A076C445),Q184I275-07D(A076C445),Q1841275-0TD(A076C445),六角法兰面螺栓,correct,mixed,True,False,easy
SXQ3Z514T1EF62-0TF,SXQ3Z514T1EF62-0TF,SXQ32514T13F62-0TF,六角法兰面承面带齿螺母,mixed,mixed,False,False,medium
M450200000085Z-1,M450200000-85Z-1,M450200000085Z-1,螺旋弹簧,correct,substitute,True,False,easy
M24-6G,M24-6G,M24-6G,螺纹环规,correct,correct,True,True,easy
2904242-K0300-04,2904242000300-04,2904242-K0300-04,六角头螺栓,correct,mixed,True,False,easy
Q4501040-F3,Q4501040-F3,Q4501040-F3,半圆头铆钉,correct,correct,True,True,easy
2201222-X69C0-04,2201222-X69C0-04,2201222-X69C0-04,冷镦螺栓,correct,correct,True,True,easy
Q2500610-RH,Q2500610-RH,Q2500610-RH,内六角沉头螺钉,correct,correct,True,True,easy
DL5L1221-3,DL5L1221-3,DL5L1221-3,钢丝,correct,correct,True,True,easy
DL4X1556,DL4X1556,DL4X1556,管件,correct,correct,True,True,easy
Q4501434-CHJF,Q4501434A00-0,Q4501434-CHJF,冷镦铆钉,correct,mixed,True,False,easy
A061F566-01,A061F566-01,A061F566-01,六角法兰面螺栓,correct,correct,True,True,easy
Q1851890-0ZD,Q185I890-0ZD,Q1851890-0ZD,六角法兰面螺栓,correct,substitute,True,False,easy
Q150B20200-0ZD,Q150B20200-0ZD,Q150B20200-0ZD,六角头螺栓,correct,correct,True,True,easy
6915N-237-A(DL741503),GA1S00237-A(DL741503),6915N-237-A(DL741503),钢丝,correct,mixed,True,False,easy
Q1841670F60,Q184I670-60,Q1841670F60,六角法兰面螺栓,correct,mixed,True,False,easy
Q4501246F62-01,Q4501246F62-01,Q4501246F62-01,冷镦铆钉,correct,correct,True,True,easy
Q4501440F62-01,Q4501440F62-01,Q4501440F62-01,冷镦铆钉,correct,correct,True,True,easy
1602123-S08-01,16D-1230508-01,1602123-S08-01,拉簧,correct,mixed,True,False,easy
Q1840880T1F62-T5,Q184D880-1062-T5,Q1840880T1F62-T5,六角法兰面螺栓,correct,mixed,True,False,easy
2935148-H0101-F7-01,2935148-H0101-F7-01,2935148-H0101-F7-01,六角螺栓,correct,correct,True,True,easy
P22227,P22227,P22227,M8平垫,correct,correct,True,True,easy
Q1840616-T3,Q184D616-73,Q1840616-T3,六角法兰面螺栓,correct,mixed,True,False,easy
AB0100600095B01,AB0100600095B01,AB0100600095B01,内六角花形盘头螺钉Q2150625-NIZN,correct,correct,True,True,easy
Q1140610F19,Q1140610F19,Q1140610F19,M6短周期弧焊焊接螺柱,correct,correct,True,True,easy
6808404-C0204,6808404-C0204,6808404-C0204,圆钢,correct,correct,True,True,easy
3504121-P00-01,3504121-PD00-1,3504121-P00-01,扭簧,correct,mixed,True,False,easy
RQ4501452-T5,RQ4501452-T5,RQ4501452-T5,半圆头倒角铆钉,correct,correct,True,True,easy
Q341B14,Q341B14,Q341B14,1型六角螺母,correct,correct,True,True,easy
Q67262.1-01,Q67262.1-01,Q67262.1-01,簧圈,correct,correct,True,True,easy
Q1841230F60,Q184I230-60,Q1841230F60,六角法兰面螺栓,correct,mixed,True,False,easy
0E2014-OHL,0E2014-OHL,Q32014-0H1,六角法兰面螺母,mixed,mixed,False,False,hard
M6*40,M6*40,M6*40,膨胀管(带自攻钉),correct,correct,True,True,easy
Q198B1025T25,Q198810ZS72-,Q198B1025T25,承面凸焊螺栓,correct,mixed,True,False,easy
AB0100500082B01,AB0100500082B01,AB0100500082B01,内六角螺钉Q218B0530-NIZN,correct,correct,True,True,easy
DL0A1070,DL0A1070,DL0A1070,四分后靠背管上连接钢丝,correct,correct,True,True,easy
5001043-C0300-BG,500104300030-08G,5001043-C0300-BG,减震器簧,correct,mixed,True,False,easy
DL1U6002,DL1U6002,DL1U6002,M6X16外六角螺丝M6垫片、弹垫,correct,correct,True,True,easy
Q4501434F62,Q4501434F62,Q4501434F62,冷镦铆钉,correct,correct,True,True,easy
Q4501034,Q4501034,Q4501034,平头铆钉,correct,correct,True,True,easy
Q18516160-0ZD-01,Q185I616-00ZD-01,Q18516160-0ZD-01,六角法兰面螺栓,correct,mixed,True,False,easy
Q27A2919F62-T5,Q27A2919F62-T5,Q27A2919F62-T5,内六角花形盘头自攻螺钉,correct,correct,True,True,easy
YC100842,YC100842,Y0100842,副驾调节器解锁轴,substitute,substitute,False,False,easy
0LTNL29O,DL7N0290,DL7N1290,钢丝,mixed,substitute,False,False,hard
6900F5-073-01(DL731507-01),GA0D050073-01(DL731507-01),6900F5-073-01(DL731507-01),钢丝,correct,mixed,True,False,easy
1602046-H01111-01,1602046-HD11-1001,1602046-H01111-01,扭簧,correct,mixed,True,False,easy
DL3N1041-Z,DL3N1041-Z,DL3N1041-Z,直管,correct,correct,True,True,easy
Q1841030TF6Z-04,Q184I030-06Z-04,Q1841030TF62-04,六角法兰面螺栓,substitute,mixed,False,False,easy
1008032-E1100-04,ID0B0320-1100-04,1008032-E1100-04,双头螺栓,correct,mixed,True,False,easy
L002589245(DL6L2100),LD02589245(DL6L2100),L002589245(DL6L2100),造型钢丝,correct,substitute,True,False,easy
Q4501042-T5,Q4501042-T5,Q4501042-T5,半圆头铆钉,correct,correct,True,True,easy
"E/4""","3/4""",3/4”,截止阀,mixed,substitute,False,False,medium
M8*30,08030,M8*30,内六角螺栓,correct,mixed,True,False,easy
1140106-KZ600,11A-106002600,1140106-KZ600,拉簧,correct,mixed,True,False,easy
RQ450L448F3,RQ4500448-E,RQ4501448F3,半圆头倒角铆钉,substitute,mixed,False,False,easy
00L713000462,000713000462,001713000462,悬架簧,substitute,substitute,False,False,easy
Q40105,Q40105,Q40105,平垫圈,correct,correct,True,True,easy
Q3201A-0Z0,Q3201A-0Z0,Q32014-0ZD,六角法兰面螺母,mixed,mixed,False,False,medium
DL4Z1069,DL421069,DL4Z1069,造型钢丝,correct,substitute,True,False,easy
16B40B-02043,16B-08002043,16B40B-02043,拉簧,correct,mixed,True,False,easy
84D-02156-01,BAD-02156-01,84D-02156-01,压簧,correct,mixed,True,False,easy
1.2-14#,1.2-14#,1.2-14#,镀锌铁丝,correct,correct,True,True,easy
Q1841470TF60,Q184I470-060,Q1841470TF60,六角法兰面螺栓,correct,mixed,True,False,easy
2935148-T68N1-01,2935148-T68N1-01,2935148-T68N1-01,紧固螺栓-盖板,correct,correct,True,True,easy
Q150B0410,QI5080410,Q150B0410,六角头螺栓组合件,correct,mixed,True,False,easy
DL2B2368,DLZB2368,DL2B2368,钢丝,correct,substitute,True,False,easy
29L8L06-H0100-F7-P,2908006-H0100-07-P,2918106-H0100-F7-P,空气弹簧用螺栓,mixed,mixed,False,False,medium
DL5B1123,DL5B1123,DL5B1123,钢丝,correct,correct,True,True,easy
6910B-128-01(DL746501-01),6910801-BA01-00746501-01),6910B-128-01(DL746501-01),扭簧,correct,mixed,True,False,easy
H8,HB,HB,标准硬度快,substitute,correct,False,True,easy
Q18410160-0H1,Q184I016-00H1,Q18410160-0H1,六角法兰面螺栓,correct,mixed,True,False,easy
RQ45014365-T5,RQ4501436-A75,RQ45014365-T5,半圆头倒角铆钉,correct,mixed,True,False,easy
DL6C1654,DL6C1654,DL6C1654,钢丝,correct,correct,True,True,easy
DL0A1Q98,DL0A1Q98,DL0A1098,四分靠背侧翼支撑钢丝,substitute,substitute,False,False,easy
Q27A4819F62,Q27A4819F62,Q27A4819F62,梅花槽盘头C型自攻钉,correct,correct,True,True,easy
DL3N2101,DL3N2101,DL3N2101,前排靠背泡沫U型吊紧钢丝,correct,correct,True,True,easy
3504040-VE21-019,ESDA-4000321-019,3504040-VE21-019,回位弹簧,correct,mixed,True,False,easy
Q18516160-0FG-03,Q185I616-00FG-03,Q18516160-0FG-03,六角法兰面螺栓,correct,mixed,True,False,easy
A064FZ14-04,A064F214-04,A064F214-04,六角法兰面螺栓,substitute,correct,False,True,easy
Q18420100-0ZD-04,Q1842010-00ZD-04,Q18420100-0ZD-04,六角法兰面螺栓,correct,mixed,True,False,easy
0L2RZ149,0L2RZ149,DL2R2149,坐垫泡沫吊紧钢丝5,mixed,mixed,False,False,medium
Q4501450F62-W-01,Q4501450-G2-W-01,Q4501450F62-W-01,半圆头铆钉,correct,mixed,True,False,easy
Q4S0O819,Q4500819,Q4500819,半圆头平头铆钉,mixed,correct,False,True,medium
002613000091,002613000091,002613000091,减震器簧,correct,correct,True,True,easy
RQ4501438,RQ4501438,RQ4501438,倒角铆钉,correct,correct,True,True,easy
L0332854,L0332854,L0332854,竖管-1,correct,correct,True,True,easy
6105C1-121,6105010-ZI,6105C1-121,扭簧,correct,mixed,True,False,easy
DL1S1265,DL1S1265,DL1S1265,左侧翼钢丝,correct,correct,True,True,easy
Q1841285-0FG,Q184I285-00G,Q1841285-0FG,六角法兰面螺栓,correct,mixed,True,False,easy
L002221763(DL3L2053),LD02221763(DL3L2053),L002221763(DL3L2053),钢丝,correct,substitute,True,False,easy
DL4X1353,DL4X1353,DL4X1353,60分靠背下横管2,correct,correct,True,True,easy
Q1811240TF62-01,Q1811240TF62-01,Q1811240TF62-01,六角法兰面带齿螺栓,correct,correct,True,True,easy
L0322412-Z,L0322412-Z,L0322412-Z,TILT支撑管,correct,correct,True,True,easy
L0738096-Z,LD7E8096-Z,L0738096-Z,直管,correct,mixed,True,False,easy
L0434165-02,L0434165-02,L0434165-02,金属铰链轴销LH(车螺坯),correct,correct,True,True,easy
Q4501538-CHJF,Q4501538-C0JF,Q4501538-CHJF,半圆头铆钉,correct,substitute,True,False,easy
YO300077,Y0300077,Y0300077,下前阶梯轴,substitute,correct,False,True,easy
DL6W1361,DL6W1361,DL6W1361,钢丝,correct,correct,True,True,easy
Q1S0BL045,Q150B0045,Q150B1045,六角头螺栓,mixed,substitute,False,False,medium
Q150B1030TF60-01,Q150B1030TF60-01,Q150B1030TF60-01,10.9级M10X30六角头螺母,correct,correct,True,True,easy
DL5S1051-01,DL5S1051-01,DL5S1051-01,钢丝,correct,correct,True,True,easy
2MB6-01,ZMB-001,1602013-EB2MB6-01,压簧,mixed,mixed,False,False,hard
Q1840620-F7-01,Q184D620-07-01,Q1840620-F7-01,六角法兰面螺栓,correct,mixed,True,False,easy
DL5L1262-Z,DL5L1262-Z,DL5L1262-Z,60座框中间侧竖管,correct,correct,True,True,easy
Q1851220TF60-01,Q1851220TF60-01,Q1851220TF60-01,螺栓,correct,correct,True,True,easy
RQ1961690-0RH-0TF,RQ1961690-0RH-07F,RQ1961690-0RH-0TF,自固定法兰面螺栓,correct,substitute,True,False,easy
Q67270.1,Q67270.1,Q67270.1,簧圈,correct,correct,True,True,easy
35C21-04025-G,35C-1004025-G,35C21-04025-G,拉簧,correct,mixed,True,False,easy
DLZRZLA2,DLZRZLA2,DL2R2142,靠背泡沫吊紧钢丝2,mixed,mixed,False,False,hard
Q150B16110,Q150B16110,Q150B16110,六角头螺栓,correct,correct,True,True,easy
Q1980616T25F3,Q1980616T25-3,Q1980616T25F3,承面凸焊螺栓,correct,substitute,True,False,easy
LO0Z0T8S81,LO0Z0T8S81,L002078581,导向支架支撑钢丝2,mixed,mixed,False,False,hard
L0667125,L0667125,L0667125,混动版后排靠背钢丝C,correct,correct,True,True,easy
A062X999-01,A06ZX999-01,A062X999-01,六角法兰面螺栓,correct,substitute,True,False,easy
Q401B06F60,Q401B06F60,Q401B06F60,M06平垫圈,correct,correct,True,True,easy
AB0100300037B01,A80100300037B01,AB0100300037B01,螺钉,correct,substitute,True,False,easy
16020A9-C0101,1602049-CD10-,1602049-C0101,扭簧,substitute,mixed,False,False,easy
DL0600100-Z,DL0G0010-AZ,DL0600100-Z,直管,correct,mixed,True,False,easy
5001082-C1102-1-01,5001082-C1102-1-01,5001082-C1102-1-01,右前悬弹簧,correct,correct,True,True,easy
Q1840820-04,Q184D820-04,Q1840820-04,六角法兰面螺栓,correct,substitute,True,False,easy
Q4501254-01,Q4501254-D1,Q4501254-01,半圆头平头铆钉,correct,substitute,True,False,easy
11N-08145-2,11N-08145-2,11N-08145-2,拉簧,correct,correct,True,True,easy
3504061-G0106,3504061-GD10-,3504061-G0106,扭簧,correct,mixed,True,False,easy
Q4500824-FT,QA5008240-T,Q4500824-FT,铆钉,correct,mixed,True,False,easy
002613000001A,002613000001-,002613000001A,减震器簧,correct,substitute,True,False,easy
A064F2L4-01,A064F204-01,A064F214-01,六角法兰面螺栓,substitute,substitute,False,False,easy
EWAEY-3504011-01,EWAE-0350401-001,EWAEY-3504011-01,回位弹簧,correct,mixed,True,False,easy
Q218B1030D-0RH-01,Q218B1030D-0RH-01,Q218B1030D-0RH-01,内六角圆柱头螺栓组合件10.9级,correct,correct,True,True,easy
Q50512120,050512120,Q50512120,弹簧,correct,substitute,True,False,easy
Q1840630,Q184D630,Q1840630,六角法兰面螺栓,correct,substitute,True,False,easy
DL7G1031,DL7G1031,DL7G1031,管件,correct,correct,True,True,easy
Q21880625D-RH-01,Q21880625D-RH-01,Q218B0625D-RH-01,内六角圆柱头螺栓组合件8.8级,substitute,substitute,False,False,easy
5001043-C0300-1,5001043-C0300-1,5001043-C0300-1,右前悬置弹簧,correct,correct,True,True,easy
Q1841250TF60,Q184I250-060,Q1841250TF60,六角法兰面螺栓,correct,mixed,True,False,easy
TGM10-100/330-100A,7G01D-100/330-100A,TGM10-100/330-100A,空气开关,correct,mixed,True,False,easy
6808105-C6100(DL941510),GB0B1050C6100(DL941510),6808105-C6100(DL941510),钢丝,correct,mixed,True,False,easy
CL0000693,CL0D00693,CL0000693,钢丝,correct,substitute,True,False,easy
Q4501648-FT,Q4501648-F7,Q4501648-FT,半圆头铆钉,correct,substitute,True,False,easy
001713000640,001713000640,001713000640,悬架簧,correct,correct,True,True,easy
A068F764-01,A068F764-01,A068F764-01,六角法兰面螺母,correct,correct,True,True,easy
RQ4501422,RQ4501422,RQ4501422,倒角铆钉,correct,correct,True,True,easy
Q1841665TF60,Q1841665TF60,Q1841665TF60,螺栓,correct,correct,True,True,easy
16JH-02067-D,1600002-GT00,16JH-02067-D,扭簧,correct,mixed,True,False,easy
DL4Z1016,DL421016,DL4Z1016,造型钢丝,correct,substitute,True,False,easy
Q45010E0-R7,Q4501030-R7,Q4501030-R7,平头铆钉,substitute,correct,False,True,easy
Q381B14,Q381B14,Q381B14,I型六角开槽螺母,correct,correct,True,True,easy
G8Z07-08712,68207-08712,68Z07-08712,螺旋滑块,substitute,substitute,False,False,easy
M18-RS-091,M18-RS-091,M18-RS-091,钢管,correct,correct,True,True,easy
DL0P1503,DL0P1503,DL0P1503,靠背下端支撑钢丝,correct,correct,True,True,easy
SXQ32512T13F62-01,SXQ32512T13F62-01,SXQ32512T13F62-01,六角法兰面承面带齿螺母,correct,correct,True,True,easy
Q500B3230-R7,Q500B3230-R7,Q500B3230-R7,开口销,correct,correct,True,True,easy
68Z07-03056(DL846501),68Z-7003056(DL846501),68Z07-08056(DL846501),拉簧,substitute,mixed,False,False,easy
M450300000095Z-03-CDC,M450300000095Z-03-CDC,M450300000095Z-03-CDC,后悬弹簧,correct,correct,True,True,easy
Q33410,Q33410,Q33410,自锁螺母,correct,correct,True,True,easy
Q4501240-FT-01,Q4501240-F7-01,Q4501240-FT-01,半圆头平头铆钉,correct,substitute,True,False,easy
A061P397-04,A061P397-04,A061P397-04,六角法兰面螺栓,correct,correct,True,True,easy
WP34713,WP34713,WP34713,M6X775内六角螺钉,correct,correct,True,True,easy
Q1841AS0-ORH-W,Q184I450-00H-W,Q1841450-0RH-W,六角法兰面螺栓,mixed,mixed,False,False,medium
1601903-01082-01,1601903-01082-01,1601903-01082-01,双头螺栓-离合器,correct,correct,True,True,easy
002632000019-02,002632000019-02,002632000019-02,连接销,correct,correct,True,True,easy
Q151B2285-0H1,Q151B2285-0H1,Q151B2285-0H1,六角头螺栓,correct,correct,True,True,easy
DL0600099,DL0600099,DL0600099,40%后靠背骨架钢管,correct,correct,True,True,easy
Q1841650TF62-01,Q184I650-062-01,Q1841650TF62-01,六角法兰面螺栓,correct,mixed,True,False,easy
2918106-TL400-01,2918I060-0400-01,2918106-TL400-01,六角法兰面螺栓,correct,mixed,True,False,easy
A066X388-01,A066X388-01,A066X388-01,六角法兰面螺栓,correct,correct,True,True,easy
Q672150.1,Q67215-01,Q672150.1,簧圈,correct,mixed,True,False,easy
9#,9#,9#,线卡子,correct,correct,True,True,easy
DL6W1077-1,DL6W1077-1,DL6W1077-1,四分坐垫防潜管,correct,correct,True,True,easy
Q1840880-0FH,Q184D880-00H,Q1840880-0FH,六角法兰面螺栓,correct,mixed,True,False,easy
Q1840816-R7,Q184D816-07,Q1840816-R7,六角法兰面螺栓,correct,mixed,True,False,easy
RQ4501430,RQ4501430,RQ4501430,倒角铆钉,correct,correct,True,True,easy
DL5B1213,DL5B1213,DL5B1213,钢丝,correct,correct,True,True,easy
Q402B08F62-T5,Q402808F62-T5,Q402B08F62-T5,大垫圈,correct,substitute,True,False,easy
Q4501040-FT,Q4501040-F7,Q4501040-FT,半圆头平头铆钉,correct,substitute,True,False,easy
5001043-C4200,500104300420-,5001043-C4200,悬架簧,correct,mixed,True,False,easy
Q4501462-R7,Q4501462-R7,Q4501462-R7,半圆头平头铆钉,correct,correct,True,True,easy
Q1841230-04,Q184I230-04,Q1841230-04,六角法兰面螺栓,correct,substitute,True,False,easy
Q181L450TF62-0TF,Q1810450TF62-07F,Q1811450TF62-0TF,六角法兰面带齿螺栓,substitute,mixed,False,False,easy
P34200,P34200,P34200,十字槽沉头螺钉M3X5,correct,correct,True,True,easy
5C02160-C6100-07-01,5002160-C6100-07-01,5002160-C6100-07-01,从动锁钩扭簧,substitute,correct,False,True,easy
4502A-016,4502400-G,4502A-016,扭簧,correct,mixed,True,False,easy
Q18516160-0ZD-02,Q185I616-00ZD-02,Q18516160-0ZD-02,六角法兰面螺栓,correct,mixed,True,False,easy
1001034-KG8NO-03,1001034-KG8NO-03,1001034-KG8N0-03,螺钉-发动机前悬置软垫,substitute,substitute,False,False,easy
Q150B20230-F6,Q150B20230-F6,Q150B20230-F6,六角头螺栓,correct,correct,True,True,easy
Q150B20200-0ZD-02,Q150B20200-0ZD-02,Q150B20200-0ZD-02,六角头螺栓,correct,correct,True,True,easy
Q340B08T2F62,Q340B08TZF62,Q340B08T2F62,1型六角螺母,correct,substitute,True,False,easy
Q1840630(T3)-01,Q184D630-73)-01,Q1840630(T3)-01,六角法兰面螺栓,correct,mixed,True,False,easy
Q150B1260,Q150B1260,Q150B1260,六角头螺栓,correct,correct,True,True,easy
RQ4501AS4,RQ4501454,RQ4501454,倒角铆钉,mixed,correct,False,True,medium
Q150B08100T1F62-T5,Q150B08100T1F62-T5,Q150B08100T1F62-T5,六角头螺栓,correct,correct,True,True,easy
Q40308F61,Q40308F61,Q40308F61,弹笛垫圈,correct,correct,True,True,easy
Q1811435TF62-0TF,Q1811435TF62-07F,Q1811435TF62-0TF,六角法兰面带齿螺栓,correct,substitute,True,False,easy
Q1850825-0ZD-04,Q185D825-0ZD-04,Q1850825-0ZD-04,六角法兰面螺栓,correct,substitute,True,False,easy
DL6E1188-Z,DL6E1188-Z,DL6E1188-Z,六分座椅靠背弯管,correct,correct,True,True,easy
11NK-01116,11NK-01116,11NK-01116,螺栓-销子接头用,correct,correct,True,True,easy
AB0101000055B01,AB0101000055B01,AB0101000055B01,内六角圆柱头螺钉Q218B1025-NIZN,correct,correct,True,True,easy
DL3NL011,DL3N0011,DL3N1011,钢丝,substitute,substitute,False,False,easy
61N-03077,GIN-03077,61N-03077,压簧,correct,mixed,True,False,easy
Q340B06,Q340B06,Q340B06,1型六角螺母,correct,correct,True,True,easy
Q1851245TF62,Q185I245-062,Q1851245TF62,六角法兰面螺栓,correct,mixed,True,False,easy
Q4501228-R7-41,Q4501228-R7-41,Q4501228-R7-41,半圆头铆钉,correct,correct,True,True,easy
002613000052D-02,DDZ-1300005ZD-02,002613000052D-02,压簧,correct,mixed,True,False,easy
Q1851645-0ZD,Q185I645-0ZD,Q1851645-0ZD,六角法兰面螺栓,correct,substitute,True,False,easy
A066Y653,A066Y653,A066Y653,六角法兰面螺栓,correct,correct,True,True,easy
DL4X1310-Z,DL4X1310-Z,DL4X1310-Z,40分靠背下横管,correct,correct,True,True,easy
00261300O051-01,002613000051-01,002613000051-01,弹簧,substitute,correct,False,True,easy
Q150BL4T0,Q150B0470,Q150B1470,六角头螺栓,mixed,substitute,False,False,medium
A060H131-04,A060H131-04,A060H131-04,六角法兰面螺栓,correct,correct,True,True,easy
RQ1961690-0RH-04,RQ1961690-0RH-04,RQ1961690-0RH-04,自固定法兰面螺栓,correct,correct,True,True,easy
DL6C1204-Z,DL6C1204-Z,DL6C1204-Z,管件,correct,correct,True,True,easy
9002023-91200,9002023-91200,9002023-91200,六角法兰面螺母-车架专用锁紧螺母,correct,correct,True,True,easy
DL381097,DL381097,DL381097,储物盒支撑钢丝A,correct,correct,True,True,easy
DN15,DN15,DN15,铜球阀,correct,correct,True,True,easy
Q1341250-ORH-0TF,Q1341250-ORH-0TF,Q1841250-0RH-0TF,六角法兰面螺栓10.9级,mixed,mixed,False,False,medium
M6*100,060100,M6*100,内六角螺栓,correct,mixed,True,False,easy
Q401B16T28F3,Q401816T28F3,Q401B16T28F3,平垫圈,correct,substitute,True,False,easy
DL06O0021-Z,DL0G0002-AZ,DL0600021-Z,直管,substitute,mixed,False,False,easy
L002059043,L002059043,L002059043,60%锁罩盖支架钢丝,correct,correct,True,True,easy
Q150B1040-0H1,Q150B1040-0H1,Q150B1040-0H1,六角头螺栓,correct,correct,True,True,easy
3504040-B41V-01,3504040-BA10-01,3504040-B41V-01,扭簧,correct,mixed,True,False,easy
Q32118-0ZD,QE2118002-,Q32118-0ZD,标准件,correct,mixed,True,False,easy
DL6E1O59,DL6E1059,DL6E1059,钢丝,substitute,correct,False,True,easy
DL6W1179,DL6W1179,DL6W1179,钢丝,correct,correct,True,True,easy
5001042-C4104-60,500104200410-060,5001042-C4104-60,减震器簧,correct,mixed,True,False,easy
Q4501450-FT-01,Q4501450-F7-01,Q4501450-FT-01,半圆头铆钉,correct,substitute,True,False,easy
9002023-91205,9002023-91205,9002023-91205,高帽螺母,correct,correct,True,True,easy
Q214O4L6F62-T5,Q2140406F62-75,Q2140416F62-T5,十字槽盘头螺钉,mixed,mixed,False,False,medium
Q4501440-LZJF,Q4501440-LZJF,Q4501440-LZJF,半圆头铆钉,correct,correct,True,True,easy
Q18A123O-JL,Q184I230-00,Q1841230-J1,六角法兰面螺栓,mixed,mixed,False,False,medium
SXQ1781670TF62-01,SXQ1781670TF62-01,SXQ1781670TF62-01,六角法兰面自排屑螺栓,correct,correct,True,True,easy
210650-00020-01,210650-00020-01,210650-00020-01,防爆阀螺栓,correct,correct,True,True,easy
Q151B1650-0H1,Q151B1650-0H1,Q151B1650-0H1,六角头螺栓,correct,correct,True,True,easy
DL7N1060,DL7N1060,DL7N1060,钢丝,correct,correct,True,True,easy
50N-02092,5000020-Z,50N-02092,扭簧,correct,mixed,True,False,easy
R019880820-B,R0198808-D08,RQ198B0820-8,凸焊螺栓,mixed,mixed,False,False,medium
Q151B1665-0H1,Q151B1665-0H1,Q151B1665-0H1,六角头螺栓,correct,correct,True,True,easy
A0G0D087,A060D087,A060D087,六角法兰面螺栓,substitute,correct,False,True,easy
Q4501434-FT,Q4501434-F7,Q4501434-FT,半圆头平头铆钉,correct,substitute,True,False,easy
2904241-TL400-01,29042410-0400-01,2904241-TL400-01,六角法兰面螺栓,correct,mixed,True,False,easy
Q2140416F60,Q2140416F60,Q2140416F60,M4X16十字槽盘头螺钉,correct,correct,True,True,easy
Q1840630T1F62-01,Q184D630-1062-01,Q1840630T1F62-01,六角法兰面螺栓,correct,mixed,True,False,easy
0271A2L3,D2714203,Q2714213,自玫钉,mixed,mixed,False,False,medium
Q40206,Q40ZD6,Q40206,开口销,correct,mixed,True,False,easy
Q18520130-0FH-02,Q1852013-00FH-02,Q18520130-0FH-02,六角法兰面螺栓,correct,mixed,True,False,easy
DL6C1713,DL6C1713,DL6C1713,钢丝,correct,correct,True,True,easy
Q67255,Q67255,Q67255,卡箍,correct,correct,True,True,easy
5ON-02092-01,5000020-ZA01,50N-02092-01,扭簧,substitute,mixed,False,False,easy
Q150B10105,Q150B10105,Q150B10105,六角头螺栓,correct,correct,True,True,easy
Q151B1645-0H1,Q151B1645-0H1,Q151B1645-0H1,六角头螺栓,correct,correct,True,True,easy
Q4501652-R7,Q4501652-R7,Q4501652-R7,半圆头平头铆钉,correct,correct,True,True,easy
DL2W2123,DLZW2123,DL2W2123,钢丝,correct,substitute,True,False,easy
6905VD4-016-B-01(DL741518-01),GA0S0040016-B-01(DL741518-01),6905VD4-016-B-01(DL741518-01),钢丝,correct,mixed,True,False,easy
3501C-033-W,ES0I00033-W,3501C-033-W,钢丝,correct,mixed,True,False,easy
T10ZT-5001042,T10ZT-5001042,T10ZT-5001042,左弹簧前悬置,correct,correct,True,True,easy
Q68612,Q68612,Q68612,管夹,correct,correct,True,True,easy
2904241-TL400-04,29042410-0400-04,2904241-TL400-04,六角法兰面螺栓,correct,mixed,True,False,easy
Q18422160-0ZD,Q18422160-0ZD,Q18422160-0ZD,锻压螺栓,correct,correct,True,True,easy
RQ4501470-T5,RQ4501470-T5,RQ4501470-T5,半圆头倒角铆钉,correct,correct,True,True,easy
Q32016F60,Q32016F60,Q32016F60,六角法兰面螺母M16,correct,correct,True,True,easy
Q1840820-0TD-04,Q184D820-07D-04,Q1840820-0TD-04,六角法兰面螺栓,correct,mixed,True,False,easy
Q67230,Q67230,Q67230,卡箍,correct,correct,True,True,easy
Q1851635-0RH-01,Q185I635-00H-01,Q1851635-0RH-01,六角法兰面螺栓,correct,mixed,True,False,easy
Q33314T13F62-0TF,Q33314T13F62-0TF,Q33314T13F62-0TF,全金属六角锁紧螺母,correct,correct,True,True,easy
Q67657,Q67657,Q67657,不锈钢喉箍,correct,correct,True,True,easy
Q4501446-LZJF,Q4501446-LZJF,Q4501446-LZJF,半圆头铆钉,correct,correct,True,True,easy
L0268502,L0268502,L0268502,40%靠背管,correct,correct,True,True,easy
Q1841425TF60-01,Q1841425TF60-01,Q1841425TF60-01,六角头法兰面螺栓,correct,correct,True,True,easy
Q184LO65-0RH-04,Q184L065-00H-04,Q1841065-0RH-04,六角法兰面螺栓,mixed,mixed,False,False,medium
DL7A1031-Z,DL7A1031-Z,DL7A1031-Z,管件,correct,correct,True,True,easy
Q1841275-0TD-02,Q184I275-07D-02,Q1841275-0TD-02,六角法兰面螺栓,correct,mixed,True,False,easy
2904241-KR8J1,29042410-08J1,2904241-KR8J1,六角法兰面螺栓,correct,mixed,True,False,easy
11N-0809Z,11N-08092,11N-08092,拉簧,substitute,correct,False,True,easy
DL2J1040,DLZJ1040,DL2J1040,靠背扭簧,correct,substitute,True,False,easy
Q32008F60,Q32008F60,Q32008F60,六角法兰面螺母,correct,correct,True,True,easy
Q4501470-01,Q4501470-D1,Q4501470-01,半圆头平头铆钉,correct,substitute,True,False,easy
Q1841470-0TD,Q184I470-07D,Q1841470-0TD,六角法兰面螺栓,correct,mixed,True,False,easy
F1000277,F1000277,F1000277,M6钢丝螺套,correct,correct,True,True,easy
Q67225,Q67225,Q67225,卡箍,correct,correct,True,True,easy
Q1980625T25,Q1980625T25,Q1980625T25,承面凸焊螺栓,correct,correct,True,True,easy
DL5L1327,DL5L1327,DL5L1327,六分中间面套固定钢丝,correct,correct,True,True,easy
Q1840G16,Q184D616,Q1840616,六角法兰面螺栓,substitute,substitute,False,False,easy
1602111-KZ16,1602111-K216,1602111-KZ16,扭簧,correct,substitute,True,False,easy
3504011-2HHOA-01,ESDA-1102000-001,3504011-2HH0A-01,回位弹簧,substitute,mixed,False,False,easy
1601903-01080-01,1601903-01080-01,1601903-01080-01,双头螺柱-离合器,correct,correct,True,True,easy
Q1841680TF60-01,Q184I680-060-01,Q1841680TF60-01,六角法兰面螺栓,correct,mixed,True,False,easy
RQ1851295-0TD-03,R018S129-00TD-03,RQ1851295-0TD-03,六角法兰面螺栓,correct,mixed,True,False,easy
L0577488,L0577488,L0577488,后排靠背钢丝E,correct,correct,True,True,easy
7000A-215(DL741511),TD0D40215(DL741511),7000A-215(DL741511),钢丝,correct,mixed,True,False,easy
Q2501660TF62-01,Q2501660TF62-01,Q2501660TF62-01,内六角沉头螺钉,correct,correct,True,True,easy
Q151B1860TF2,Q151B1860TF2,Q151B1860TF2,10.9级六角头螺栓,correct,correct,True,True,easy
XB2BD33C,XB28D33C,XB2BD33C,旋转开关,correct,substitute,True,False,easy
0184L413O-0HL-03,D184L413-00HL-03,Q18414130-0H1-03,六角法兰面螺栓,mixed,mixed,False,False,hard
Q1840820-0H1,Q184D820-001,Q1840820-0H1,六角法兰面螺栓,correct,mixed,True,False,easy
Q1841035,Q184I035,Q1841035,六角法兰面螺栓,correct,substitute,True,False,easy
2904012-TL380(Q1842090-0ZD),2904012-TL380(Q1842090-0ZD),2904012-TL380(Q1842090-0ZD),紧固螺栓-下推力杆支架,correct,correct,True,True,easy
Q1840612T1F62-04,Q184D612-1062-04,Q1840612T1F62-04,六角法兰面螺栓,correct,mixed,True,False,easy
Q4501448-LZJF-01,Q4501448-LZJF-01,Q4501448-LZJF-01,半圆头铆钉,correct,correct,True,True,easy
Q151B1885-0H1,Q151B1885-0H1,Q151B1885-0H1,六角螺栓,correct,correct,True,True,easy
RQ4501234-SZ1,RQ4501234-S21,RQ4501234-SZ1,半圆头倒角铆钉,correct,substitute,True,False,easy
Q150B0655,Q150B0655,Q150B0655,六角头螺栓,correct,correct,True,True,easy
Q218B0630D-RH,Q218B0630D-RH,Q218B0630D-RH,内六角圆柱头螺栓组合件8.8级,correct,correct,True,True,easy
RQ4501440F3,RQ4501440-E,RQ4501440F3,半圆头倒角铆钉,correct,mixed,True,False,easy
Q4501046-LZJF,Q4501046-LZJF,Q4501046-LZJF,半圆头铆钉,correct,correct,True,True,easy
Q1841445TF62-04,Q184I445-062-04,Q1841445TF62-04,六角法兰面螺栓,correct,mixed,True,False,easy
M450200000045Z-03-CDC-02,M450200000045Z-03-CDC-02,M450200000045Z-03-CDC-02,前悬弹簧,correct,correct,True,True,easy
Q67222,Q67222,Q67222,卡箍,correct,correct,True,True,easy
Q37012(M12*1.5),Q37012(M12*1.5),Q37012(M12*1.5),M12X1.5焊接螺母,correct,correct,True,True,easy
DL1K1022,DL1K1022,DL1K1022,坐垫连接钢丝-6,correct,correct,True,True,easy
Q32214,Q32214,Q32214,全金属六角法兰面锁紧螺母,correct,correct,True,True,easy
J7-5001042-01,070500104200-,J7-5001042-01,悬架簧,correct,mixed,True,False,easy
8201125-C6100-16,BZD-125-C6100-16,8201125-C6100-16,压簧,correct,mixed,True,False,easy
Q67275.1-01,Q67275.1-01,Q67275.1-01,簧圈,correct,correct,True,True,easy
DL2J2145,DL2J2145,DL2J2145,后排60%靠背泡沫支撑钢丝,correct,correct,True,True,easy
Q150B0612T1F62-01,Q150B061ZT1F62-01,Q150B0612T1F62-01,六角头螺栓,correct,substitute,True,False,easy
Q50OB3216(A076B791),Q500B3216(A076B791),Q500B3216(A076B791),开口销,substitute,correct,False,True,easy
Q1811225TF62,Q1811225TF62,Q1811225TF62,六角法兰面带齿螺栓,correct,correct,True,True,easy
DL6C1O89-Z,DL6C1089-Z,DL6C1089-Z,管件,substitute,correct,False,True,easy
3504070-S300-01,3504070-SE00-01,3504070-S300-01,扭簧,correct,substitute,True,False,easy
SXQ32514T13F62-01,SXQ32514T13F62-01,SXQ32514T13F62-01,六角法兰面承面带齿螺母,correct,correct,True,True,easy
DL6C1064,DL6C1064,DL6C1064,管件,correct,correct,True,True,easy
Q218B1260D-0RH,Q218B1260D-0RH,Q218B1260D-0RH,内六角圆柱头螺栓组合件10.9级,correct,correct,True,True,easy
M24-6E,M24-6E,M24-6E,螺纹环规,correct,correct,True,True,easy
Q151B1A55TF62-0TF,Q151B1455TF62-0TF,Q151B1455TF62-0TF,六角头螺栓,substitute,correct,False,True,easy
Q1841635TF60,Q184I635-060,Q1841635TF60,六角法兰面螺栓,correct,mixed,True,False,easy
29O401Z-TL7T0-0Z,29O401Z-TL7T0-0Z,2904012-TL770-02,紧固螺栓-平衡轴支架,mixed,mixed,False,False,hard
DL4Z1008-Z,D042100802,DL4Z1008-Z,管型件,correct,mixed,True,False,easy
Q381B16,Q381B16,Q381B16,1型六角开槽螺母,correct,correct,True,True,easy
Q4501448-LZJF-W,Q4501448-LZJF-W,Q4501448-LZJF-W,半圆头铆钉,correct,correct,True,True,easy
Y0202005,Y0202005,Y0202005,螺栓,correct,correct,True,True,easy
1700B1-291-B,ITD-810291-B,1700B1-291-B,压簧,correct,mixed,True,False,easy
Q4501646-R7,QA5016460-T,Q4501646-R7,铆钉,correct,mixed,True,False,easy
DZ9X259520064-0TF,DZ9X259520064-0TF,DZ9X259520064-0TF,六角凸缘螺母M20X1.5-10,correct,correct,True,True,easy
P3408,P3408,P3408,内六角圆柱头螺钉M6X12(组合),correct,correct,True,True,easy
110*780,110*780,110*780,无缝钢管,correct,correct,True,True,easy
DL6W1286,DL6W1286,DL6W1286,钢丝,correct,correct,True,True,easy
Q4501232-F3-01,Q4501232-F3-01,Q4501232-F3-01,半圆头铆钉,correct,correct,True,True,easy
11ZQ-08023-01,1120008-ZE00-,11ZQ-08023-01,扭簧,correct,mixed,True,False,easy
DL5B1323,DL5B1323,DL5B1323,钢丝,correct,correct,True,True,easy
DL6W1315,DL6W1315,DL6W1315,钢丝,correct,correct,True,True,easy
3504111-KU87-01,3504111-KU87-01,3504111-KU87-01,扭簧,correct,correct,True,True,easy
3504060-SA12B-1,3504060-SA12-01,3504060-SA12B-1,扭簧,correct,mixed,True,False,easy
1700N-186,ITD-00186,1700N-186,压簧,correct,mixed,True,False,easy
Q18420130-0FG-02,Q1842013-00FG-02,Q18420130-0FG-02,六角法兰面螺栓,correct,mixed,True,False,easy
BMCP24C-5002180C-01-01,800024005002-80C-01-01,BMCP24C-5002180C-01-01,减震器簧,correct,mixed,True,False,easy
Q4501468-R7,Q4501468-R7,Q4501468-R7,半圆头平头铆钉,correct,correct,True,True,easy
2918106-X7610-01,2918106-X7610-01,2918106-X7610-01,空气弹簧用螺栓,correct,correct,True,True,easy
RQ4501234F3-01,RQ4501234-E001,RQ4501234F3-01,半圆头倒角铆钉,correct,mixed,True,False,easy
Q218B1045D-0RH,Q218B1045D-0RH,Q218B1045D-0RH,内六角圆柱头螺栓组合件10.9级,correct,correct,True,True,easy
DL6C1707,DL6C1707,DL6C1707,钢丝,correct,correct,True,True,easy
400*3.2*32,400*3.2*32,400*3.2*32,磨片砂轮,correct,correct,True,True,easy
Q4501434-F3-01,Q4501434-F3-01,Q4501434-F3-01,半圆头铆钉,correct,correct,True,True,easy
Q4400406,Q4400406,Q4400406,抽芯铆钉,correct,correct,True,True,easy
Q150B0822,Q150B0822,Q150B0822,六角头螺栓,correct,correct,True,True,easy
DL2B2155,DL2B2155,DL2B2155,后排坐垫骨架钢丝U,correct,correct,True,True,easy
6901N48B-026-01(DL771503-01),GA0I0488-026-01(DL771503-01),6901N48B-026-01(DL771503-01),钢丝,correct,mixed,True,False,easy
DN20,DN20,DN20,PPR管,correct,correct,True,True,easy
5001085-3D528-01,500108503052-001,5001085-3D528-01,减震器簧,correct,mixed,True,False,easy
Q151B2095TF62-01,Q151B2095TF62-01,Q151B2095TF62-01,六角头螺栓,correct,correct,True,True,easy
DL5B1024,DL5B1024,DL5B1024,钢丝,correct,correct,True,True,easy
Q1840840T1F62-T5,Q184D840-1062-T5,Q1840840T1F62-T5,六角法兰面螺栓,correct,mixed,True,False,easy
Q1980625-04,Q1980625A04,Q1980625-04,承面凸焊螺栓,correct,substitute,True,False,easy
3502O39-NHHG01-01,ESDZ-3900006-1001,3502039-NHH601-01,回位弹簧,mixed,mixed,False,False,medium
RQ38714-F7,RQ3871400-,RQ38714-F7,标准件,correct,mixed,True,False,easy
DL4Z1080,DL421080,DL4Z1080,造型钢丝,correct,substitute,True,False,easy
2904243-T38H0-03,29042430738H0-03,2904243-T38H0-03,六角头螺栓,correct,mixed,True,False,easy
DLZW21ZZ,DLZW2122,DL2W2122,钢丝,mixed,substitute,False,False,medium
L0565669,L0565669,L0565669,后排靠背钢丝Q,correct,correct,True,True,easy
6807730-C0100(DL896601),68D-730000100(DL896601),6807730-C0100(DL896601),拉簧,correct,mixed,True,False,easy
Q1840860-0RH-01,Q184D860-00H-01,Q1840860-0RH-01,六角法兰面螺栓,correct,mixed,True,False,easy
Q433100,Q433100,Q433100,轴用钢丝挡圈,correct,correct,True,True,easy
DL5Q1099-1,DL5Q1099-I,DL5Q1099-1,提升管,correct,substitute,True,False,easy
Q18418160-0ZD,Q184I816-00ZD,Q18418160-0ZD,六角法兰面螺栓,correct,mixed,True,False,easy
Q40320,Q40320,Q40320,标准型弹簧垫圈,correct,correct,True,True,easy
RQ4501244-R7,RQ4501244-R7,RQ4501244-R7,铆钉,correct,correct,True,True,easy
DL2BZ138,DL2BZ138,DL2B2138,后排坐垫骨架钢丝Q,substitute,substitute,False,False,easy
5001042-C0300-BG-01,500104200030-08G-01,5001042-C0300-BG-01,减震器簧,correct,mixed,True,False,easy
3504044-GW01-01,3504044-GW01-01,3504044-GW01-01,扭簧,correct,correct,True,True,easy
Q1851220TF60,Q185I220-060,Q1851220TF60,六角法兰面螺栓,correct,mixed,True,False,easy
Q40318,Q40318,Q40318,弹簧垫圈,correct,correct,True,True,easy
Q1841650-0GT-01,Q184I650-06T-01,Q1841650-0GT-01,六角法兰面螺栓,correct,mixed,True,False,easy
M14-6H,M14-6H,M14-6H,螺纹规,correct,correct,True,True,easy
1P32A,1P3ZA,1P32A,空气开关,correct,substitute,True,False,easy
Q151B1450TF3-01,Q1518145DT03-01,Q151B1450TF3-01,螺栓,correct,mixed,True,False,easy
HLK-017-9,HLK-017-9,HLK-017-9,压簧,correct,correct,True,True,easy
RQ4501478-01,RQ4501478-01,RQ4501478-01,倒角铆钉,correct,correct,True,True,easy
Q1840816(T3),Q184D816-73),Q1840816(T3),六角法兰面螺栓,correct,mixed,True,False,easy
16C48A-02031-01,IGC-84002031-01,16C48A-02031-01,压簧,correct,mixed,True,False,easy
DL6R1078-Z,DL6R1078-Z,DL6R1078-Z,管形件,correct,correct,True,True,easy
A059U730-04,A059U730-04,A059U730-04,六角法兰面螺栓,correct,correct,True,True,easy
A0S4T554,A0547554,A054T554,法兰面螺栓,substitute,substitute,False,False,easy
Q67216,Q67216,Q67216,卡箍,correct,correct,True,True,easy
Q510B2085,Q510B2085,Q510B2085,销轴,correct,correct,True,True,easy
8201125-C6100-16-A,BZD-125-C6100-16-A,8201125-C6100-16-A,压簧,correct,mixed,True,False,easy
3501C-064-01,35D-00064-01,3501C-064-01,拉簧,correct,mixed,True,False,easy
Q4501442-FT,Q4501442-F7,Q4501442-FT,半圆头平头铆钉,correct,substitute,True,False,easy
Q4501458-LZJF-01,Q4501458-LZJF-01,Q4501458-LZJF-01,半圆头铆钉,correct,correct,True,True,easy
3504043-2GC2A,3504043-ZG02-,3504043-2GC2A,扭簧,correct,mixed,True,False,easy
Q146B1270-0RH,Q146B1270-0RH,Q146B1270-0RH,六角头螺栓组合件(大平垫)10.9级,correct,correct,True,True,easy
Q4501265-LZJF,Q4501265-LZJF,Q4501265-LZJF,半圆头铆钉,correct,correct,True,True,easy
6805123-C6100(DL941509),GB0S1230C6100(DL941509),6805123-C6100(DL941509),钢丝,correct,mixed,True,False,easy
Q1841025TF60-0TF,Q184I025-060-0TF,Q1841025TF60-0TF,六角法兰面螺栓,correct,mixed,True,False,easy
Q151B1450TF62Q,Q151B1450TF6ZQ,Q151B1450TF62Q,六角头螺栓涂胶,correct,substitute,True,False,easy
Q341B12F60,Q341B1ZF60,Q341B12F60,1型六角螺母,correct,substitute,True,False,easy
A048A010-01,A048A010-01,A048A010-01,六角法兰面螺栓,correct,correct,True,True,easy
04O218,D40218,Q40218,大垫圈,mixed,substitute,False,False,medium
Q450124GF62,Q4501246F62,Q4501246F62,冷镦铆钉,substitute,correct,False,True,easy
DL5L1036,DL5L1036,DL5L1036,钢丝,correct,correct,True,True,easy
3501N-064,35D-00064,3501N-064,拉簧,correct,mixed,True,False,easy
Q151B2070TF62,Q151B2070TF62,Q151B2070TF62,六角头螺栓,correct,correct,True,True,easy
Q4501436-R7,Q4501436-R7,Q4501436-R7,平头铆钉,correct,correct,True,True,easy
L002782530NCP(DL6L23577),L002782530NCP(DL6L23577),L002782530NCP(DL6L23577),40靠背侧翼吊紧钢丝，外侧,correct,correct,True,True,easy
A061F566,A061F566,A061F566,六角法兰面螺栓,correct,correct,True,True,easy
Q4501230-LZJF,Q4501230-LZJF,Q4501230-LZJF,半圆头铆钉,correct,correct,True,True,easy
2935148-X1901,2935148-X1901,2935148-X1901,六角螺栓,correct,correct,True,True,easy
100,100,100,GB5789六角法兰面螺栓,correct,correct,True,True,easy
Q150B0516T1F62-T5,Q150B0516T1F62-T5,Q150B0516T1F62-T5,六角头螺栓,correct,correct,True,True,easy
A072K204-04,A07ZK204-04,A072K204-04,六角法兰面螺栓,correct,substitute,True,False,easy
Q4501434-01,Q4501434-D1,Q4501434-01,半圆头平头铆钉,correct,substitute,True,False,easy
00261E0O00508,DDZ-130O00508,002613000050B,压簧,mixed,mixed,False,False,medium
Q1840520-B1,Q184D520-81,Q1840520-B1,六角法兰面螺栓,correct,mixed,True,False,easy
DL0A1047,DL0A1047,DL0A1047,六分靠背锁饰盖支座加强钢丝,correct,correct,True,True,easy
F1400066M100001-T5,F1400066M100001-T5,F1400066_M100001-T5,M10X21平头六角拉铆螺母,delete,delete,False,False,easy
DL5L1037,DL5L1037,DL5L1037,钢丝,correct,correct,True,True,easy
Q341B18-0H1,Q341B18-0H1,Q341B18-0H1,1型六角螺母,correct,correct,True,True,easy
Q1861025T1F62,Q1861025T1F62,Q1861025T1F62,六角法兰面螺栓-加大系列,correct,correct,True,True,easy
Q4501030-LZJE-01,Q4501030-LZJE-01,Q4501030-LZJF-01,半圆头铆钉,substitute,substitute,False,False,easy
2918106-T30R0-F7-01,2918106-T3000-07-01,2918106-T30R0-F7-01,空气弹簧用螺栓,correct,mixed,True,False,easy
DL5B10G2,DL5B1062,DL5B1062,钢丝,substitute,correct,False,True,easy
Q184086O-0RH-0TF,Q184D860-00H-0TF,Q1840860-0RH-0TF,六角法兰面螺栓,substitute,mixed,False,False,easy
Q1851860TF60,Q185I860-060,Q1851860TF60,六角法兰面螺栓,correct,mixed,True,False,easy
M18-RS-011,M18-RS-011,M18-RS-011,钢管,correct,correct,True,True,easy
RQ1851040-F7,R018S104-007,RQ1851040-F7,六角法兰面螺栓,correct,mixed,True,False,easy
Q1841650-0GT,Q184I650-06T,Q1841650-0GT,六角法兰面螺栓,correct,mixed,True,False,easy
RQ2200616,R0220061G,RQ2200616,螺栓,correct,mixed,True,False,easy
500L0A3-C3L02-01,5000043-C3002-01,5001043-C3102-01,前悬置弹簧,mixed,mixed,False,False,medium
DF9CE203-0Z,DF9C3203-02,DF9C3203-02,双头螺栓,mixed,correct,False,True,medium
2918106-T30R0-F7-03,2918106-T3000-07-03,2918106-T30R0-F7-03,空气弹簧用螺栓,correct,mixed,True,False,easy
001713000633B,001713000633-,001713000633B,减震器簧,correct,substitute,True,False,easy
Q18516150-0FH-02,Q185I615-00FH-02,Q18516150-0FH-02,六角法兰面螺栓,correct,mixed,True,False,easy
Q1841045T1F62-T5,Q184I045-1062-T5,Q1841045T1F62-T5,六角法兰面螺栓,correct,mixed,True,False,easy
1602219-P00-01,1602219-PD00-1,1602219-P00-01,扭簧,correct,mixed,True,False,easy
RQ4501458,RQ4501458,RQ4501458,倒角铆钉,correct,correct,True,True,easy
35BS05B-02064,35B-058002064,35BS05B-02064,拉簧,correct,mixed,True,False,easy
3502N-564,35D-00564,3502N-564,拉簧,correct,mixed,True,False,easy
DL1U1051-Z,DL1U1051-Z,DL1U1051-Z,头枕管,correct,correct,True,True,easy
Q341B12-0H1,Q341B12-0H1,Q341B12-0H1,1型六角螺母,correct,correct,True,True,easy
L002696312NCP,LD0269631ZNCP,L002696312NCP,钢丝,correct,mixed,True,False,easy
Q2500516-RH,Q2500516-RH,Q2500516-RH,内六角沉头螺钉8.8级,correct,correct,True,True,easy
M16*15-6H,M16*1-0-0,M16*1.5-6H,螺纹塞规,delete,mixed,False,False,easy
DL291203,DL291203,DL291203,60%靠背管,correct,correct,True,True,easy
L0724975,L0724975,L0724975,前排坐垫发泡预埋钢丝M,correct,correct,True,True,easy
Q1841430,Q184I430,Q1841430,六角法兰面螺栓,correct,substitute,True,False,easy
R01TG0616,RD1760616,RQ1760616,导向螺栓,mixed,substitute,False,False,medium
DL5B1093,DL5B1093,DL5B1093,钢丝,correct,correct,True,True,easy
DL0P1353,D0001353,DL0P1353,靠背横管,correct,mixed,True,False,easy
1O09010-ZD1425,1O09010-ZD1425,1009010-ZD1425,螺栓M12*1.25-41-12.9,substitute,substitute,False,False,easy
RQ4S014BO,RQ4501480,RQ4501480,倒角铆钉,mixed,correct,False,True,medium
3504011-KU33,3504011-KU33,3504011-KU33,扭簧,correct,correct,True,True,easy
SXQ4601432F62-01,S0046014E20-2001,SXQ4601432F62-01,冷镦铆钉,correct,mixed,True,False,easy
Q150B12135,Q150B12135,Q150B12135,六角头螺栓,correct,correct,True,True,easy
Q4501460-R7,Q4501460-R7,Q4501460-R7,半圆头平头铆钉,correct,correct,True,True,easy
Q1980630T25,Q1980630T25,Q1980630T25,承面凸焊螺栓,correct,correct,True,True,easy
DL2J1090,DLZJ1090,DL2J1090,四分靠背管,correct,substitute,True,False,easy
DL18108O-Z,DL1B1080-Z,DL181080-Z,直管,substitute,substitute,False,False,easy
Q4501432-01,QA5014320-I,Q4501432-01,铆钉,correct,mixed,True,False,easy
Q8420100-0ZD,Q84ZD100-0ZD,Q18420100-0ZD,六角法兰面螺栓,delete,mixed,False,False,easy
Q4501032-FT,Q4501032-F7,Q4501032-FT,半圆头平头铆钉,correct,substitute,True,False,easy
Q1841470-0H1,Q184I470-001,Q1841470-0H1,六角法兰面螺栓,correct,mixed,True,False,easy
2935469-HA410-0TF,293546A00A41-00TF,2935469-HA410-0TF,螺母,correct,mixed,True,False,easy
A054T561-04,A054T561-04,A054T561-04,六角法兰面螺栓,correct,correct,True,True,easy
Q151B1495,Q151B1495,Q151B1495,六角头螺栓,correct,correct,True,True,easy
Q27A4819F62-01,Q27A4819F62-01,Q27A4819F62-01,梅花槽盘头C型自攻钉,correct,correct,True,True,easy
DL0P1352,DL0P1352,DL0P1352,钢丝,correct,correct,True,True,easy
Q1841445TF3-01,Q1841445TF30-1,Q1841445TF3-01,螺栓,correct,mixed,True,False,easy
5001043-C0302-01,500104300030-001,5001043-C0302-01,悬架簧,correct,mixed,True,False,easy
DL5L1325,DL5L1325,DL5L1325,六分外侧面套固定钢丝,correct,correct,True,True,easy
P3580,P3580,P3580,GB9074.13十字凹脑六角三组合螺钉,correct,correct,True,True,easy
Q33008T13F60,Q33008T13F60,Q33008T13F60,螺母,correct,correct,True,True,easy
3501N12-O64,35D-0120064,3501N12-064,拉簧,substitute,mixed,False,False,easy
Q218B1260D-0RH-0TF,Q218B1260D-0RH-0TF,Q218B1260D-0RH-0TF,内六角圆柱头螺栓组合件10.9级,correct,correct,True,True,easy
310-6811004-A-0TO1,310-6811-0-AA00701,E10-6811004-A-0701,凸焊螺母,mixed,mixed,False,False,medium
Q32116-0ZD,Q32116-0ZD,Q32116-0ZD,六角法兰面螺母,correct,correct,True,True,easy
0L0P1554,DL0P1554,DL0P1554,下支撑钢丝,substitute,correct,False,True,easy
F1000649,F1000649,F1000649,M8钢丝螺套,correct,correct,True,True,easy
001713000633,001713000633,001713000633,悬架簧,correct,correct,True,True,easy
Q151B20175TF62-01,Q151B20175TF62-01,Q151B20175TF62-01,六角头螺栓,correct,correct,True,True,easy
L0434165-01,L0434165-01,L0434165-01,金属铰链轴销LH(自制毛坯),correct,correct,True,True,easy
16QA4-02039-B-01,1604400-DE90-001,16QA4-02039-B-01,扭簧,correct,mixed,True,False,easy
Q500B3230-R7-T5,Q500B3230-R7-T5,Q500B3230-R7-T5,开口销,correct,correct,True,True,easy
Q150B0875,Q150B0875,Q150B0875,六角头螺栓,correct,correct,True,True,easy
Q34018,Q34018,Q34018,六角螺母M18,correct,correct,True,True,easy
DL1S1164-W,DL1S1164-W,DL1S1164-W,钢丝,correct,correct,True,True,easy
DL681276,D0681276,DL681276,法兰面螺栓,correct,substitute,True,False,easy
GAD-018,GAD-018,GAD-018,压簧,correct,correct,True,True,easy
C2901119T38H0-03,029011197380-003,C2901119T38H0-03,连接销,correct,mixed,True,False,easy
Q32008-0TD-01,Q32008-0TD-01,Q32008-0TD-01,六角法兰面螺母,correct,correct,True,True,easy
50010BS-3C763,5001085-3C763,5001085-3C763,前悬减震器弹簧,mixed,correct,False,True,medium
Q67535,Q67535,Q67535,A型蜗杆传动式软管环箍,correct,correct,True,True,easy
DL6P1021,DL6P1021,DL6P1021,管件,correct,correct,True,True,easy
Q40LB10F62-T5,Q400810F62-T5,Q401B10F62-T5,平垫圈,substitute,mixed,False,False,easy
L0251462,L0251462,L0251462,铆接螺栓,correct,correct,True,True,easy
Q32006(T3),Q32006A73A,Q32006(T3),螺母,correct,mixed,True,False,easy
Q2560525-Z5-01,Q2560525-25-01,Q2560525-Z5-01,十字槽半沉头螺钉,correct,substitute,True,False,easy
DL5B1199,DL5B1199,DL5B1199,钢丝,correct,correct,True,True,easy
3501C-064,35D-00064,3501C-064,拉簧,correct,mixed,True,False,easy
Q4501234,Q4501234,Q4501234,平头铆钉,correct,correct,True,True,easy
M080020-143,M080020-143,M080020-143,六角法兰面螺栓M8X25,correct,correct,True,True,easy
SXQ18120657FG2,S0018120GS70-2,SXQ1812065TF62,六角法兰面带齿螺栓,mixed,mixed,False,False,medium
DL6EL06Z,DL6E0062,DL6E1062,钢丝,mixed,substitute,False,False,medium
DL7G1031-Z,DL7G1031-Z,DL7G1031-Z,管件,correct,correct,True,True,easy
Q18A1235TF60,Q18A1235TF60,Q1841235TF60,六角法兰面螺栓M12X35,substitute,substitute,False,False,easy
3504011-SA18-01,3504011-SA18-01,3504011-SA18-01,扭簧,correct,correct,True,True,easy
Q1841485-0RH-04,Q184I485-00H-04,Q1841485-0RH-04,六角法兰面螺栓,correct,mixed,True,False,easy
DL2J1036,DLZJ1036,DL2J1036,后排四分坐垫外侧钢丝,correct,substitute,True,False,easy
Q198B0820T25-01,Q198808ZD72-001,Q198B0820T25-01,承面凸焊螺栓,correct,mixed,True,False,easy
01811640TF62-01,D1811640TF62-01,Q1811640TF62-01,六角法兰面带齿螺栓,substitute,substitute,False,False,easy
Q1841060T1F62-T5,Q184I060-1062-T5,Q1841060T1F62-T5,六角法兰面螺栓,correct,mixed,True,False,easy
001713000638A,001713000638-,001713000638A,悬架簧,correct,substitute,True,False,easy
Q1811670TF62-01,Q1811670TF62-01,Q1811670TF62-01,六角法兰面带齿螺栓,correct,correct,True,True,easy
3704901-C5101,3704901-C5101,3704901-C5101,防盗螺栓,correct,correct,True,True,easy
Q351B14T15F62,Q351B14T15F62,Q351B14T15F62,六角细牙薄螺母,correct,correct,True,True,easy
Q33O20F60,Q33O20F60,Q33020F60,全金属六角法兰面锁紧螺母,substitute,substitute,False,False,easy
Q1841240TF60,Q1841240TF60,Q1841240TF60,差速锁电磁阀固定支架紧固螺栓,correct,correct,True,True,easy
03693C,03693C,Q369EC,汽车安全带用焊接螺母(彩虹镀锌),mixed,mixed,False,False,medium
DL4Z1133,DL421133,DL4Z1133,造型钢丝,correct,substitute,True,False,easy
DL5P2019,DL5P2019,DL5P2019,钢丝,correct,correct,True,True,easy
5002160-C6100-09,5002160-CG10-009,5002160-C6100-09,扭簧,correct,mixed,True,False,easy
D29X25952O065-OL,D29X25952O065-OL,DZ9X259520065-01,DTF六角凸缘螺母M16X1.5,mixed,mixed,False,False,hard
Q1840612-B1,Q1840612-B1,Q1840612-B1,法兰面螺栓,correct,correct,True,True,easy
P3S3O,P3S3O,P3530,六角法兰面螺栓M6X16,mixed,mixed,False,False,medium
Q403O6-RH-T5,Q40306-RH-T5,Q40306-RH-T5,M6弹簧垫圈,substitute,correct,False,True,easy
2918106-TL400-F6,2918I060-0400-F6,2918106-TL400-F6,六角法兰面螺栓,correct,mixed,True,False,easy
6A5-OL8,GAS-008,GAS-018,压簧,mixed,substitute,False,False,hard
3504040-XGWO4A-P02,3504040-XG00-40P02,3504040-XGW04A-P02,踏板回位扭簧,substitute,mixed,False,False,easy
Q4501440-FT-O1,Q4501440-F7-O1,Q4501440-FT-01,半圆头平头铆钉,substitute,mixed,False,False,easy
Q1841045T1F62-04,Q184I045-1062-04,Q1841045T1F62-04,六角法兰面螺栓,correct,mixed,True,False,easy
Q341C12T2F62-T5,Q341C1ZTZF62-75,Q341C12T2F62-T5,1型细牙六角螺母,correct,mixed,True,False,easy
DL0P1454-01,DL0P1454-01,DL0P1454-01,限位轴,correct,correct,True,True,easy
RQ18420230-0RH-04,R018A202-000RH-04,RQ18420230-0RH-04,六角法兰面螺栓,correct,mixed,True,False,easy
Q218B0860T1F62-01,Q218B0860T1F62-01,Q218B0860T1F62-01,内六角圆柱头螺栓,correct,correct,True,True,easy
Q32210,Q32210,Q32210,全金属六角法兰面锁紧螺母,correct,correct,True,True,easy
Q340B18-0RH-01,Q340B18-0RH-01,Q340B18-0RH-01,1型六角螺母,correct,correct,True,True,easy
Y0300061-Z,YD3D0061-Z,Y0300061-Z,直管,correct,mixed,True,False,easy
Q1841255-01,Q184I255-01,Q1841255-01,六角法兰面螺栓,correct,substitute,True,False,easy
Q361B10,Q361B10,Q361B10,Ⅱ型六角螺母,correct,correct,True,True,easy
Q4501024-W-R7,Q4501024-W0R7,Q4501024-W-R7,半圆头铆钉,correct,substitute,True,False,easy
Q1841635-0RH-01,Q184I635-00H-01,Q1841635-0RH-01,六角法兰面螺栓,correct,mixed,True,False,easy
Q218B0630D-RH-01,Q218B0630D-RH-01,Q218B0630D-RH-01,内六角圆柱头螺栓组合件8.8级,correct,correct,True,True,easy
L002649629(DL6L2L64),L002649629-DL6L2064-,L002649629(DL6L2164),发泡钢丝,substitute,mixed,False,False,easy
Q1811230TF62-0TF,Q1811230TF62-07F,Q1811230TF62-0TF,六角法兰面带齿螺栓,correct,substitute,True,False,easy
"DN253/4""","DN253/4""",DN253/4”,快冲阀,substitute,substitute,False,False,easy
DZ9X259520066,DZ9X259520066,DZ9X259520066,DTF六角凸缘螺母M18X1.5,correct,correct,True,True,easy
DL6W1138,DL6W1138,DL6W1138,钢丝,correct,correct,True,True,easy
L002695502-1,L002695502-I,L002695502-1,管型件,correct,substitute,True,False,easy
L0718276,L0718276,L0718276,靠背锁钢丝,correct,correct,True,True,easy
Q4501026-R7,Q4501026-R7,Q4501026-R7,平头铆钉,correct,correct,True,True,easy
DL0A1175-01,DL0A1175-01,DL0A1175-01,转动轴,correct,correct,True,True,easy
J7-5001042,0705001042,J7-5001042,悬架簧,correct,mixed,True,False,easy
DL4Z1035,DL421035,DL4Z1035,造型钢丝,correct,substitute,True,False,easy
Q1S0BL2T5,Q150B0275,Q150B1275,六角头螺栓,mixed,substitute,False,False,medium
Q1841060T1F62-01,Q184I060-1062-01,Q1841060T1F62-01,六角法兰面螺栓,correct,mixed,True,False,easy
Q1840820(T3)-01,Q184D820-73)-01,Q1840820(T3)-01,六角法兰面螺栓,correct,mixed,True,False,easy
DL5L1333,DL5L1333,DL5L1333,40内侧脚板支架,correct,correct,True,True,easy
3504011-KU47-A,3504011-KU47-4,3504011-KU47-A,扭簧,correct,substitute,True,False,easy
8CM,8CM,8CM,滚筒,correct,correct,True,True,easy
EV6.096.0069-01,EV6.096.0069-01,EV6.096.0069-01,六角法兰面非标螺栓,correct,correct,True,True,easy
Q40314,Q40314,Q40314,标准型弹簧垫圈,correct,correct,True,True,easy
DL2B2137,DL2B2137,DL2B2137,后排坐垫骨架钢丝P,correct,correct,True,True,easy
2918106-H0100-F7-02,2918106-H0100-07-02,2918106-H0100-F7-02,空气弹簧用螺栓,correct,substitute,True,False,easy
002613000053-01,002613000053-01,002613000053-01,弹簧,correct,correct,True,True,easy
QL841O757F60,Q084I075-060,Q1841075TF60,六角法兰面螺栓,mixed,mixed,False,False,medium
DL5L1274,DL5L1274,DL5L1274,60内侧脚板支架,correct,correct,True,True,easy
16020211-H01-01,1602021-AH01-01,16020211-H01-01,扭簧,correct,mixed,True,False,easy
A067L549,A067L549,A067L549,六角法兰面螺栓,correct,correct,True,True,easy
2918106-T30R0-F7,2918106-T3000-07,2918106-T30R0-F7,空气弹簧用螺栓,correct,mixed,True,False,easy
DL151OOB,DL1S1008,DL1S1008,钢丝,mixed,correct,False,True,hard
160Z111-KR0Z,1602111-KR02,1602111-KR02,扭簧,mixed,correct,False,True,medium
2935148-T68N1-02,2935148-T68N1-02,2935148-T68N1-02,紧固螺栓-盖板,correct,correct,True,True,easy
RQ4501490,RQ4501490,RQ4501490,倒角铆钉,correct,correct,True,True,easy
Q40208F60,Q40ZD80-0,Q40208F60,M08大垫片,correct,mixed,True,False,easy
Q4501246-F3-01,Q4501246-F3-01,Q4501246-F3-01,半圆头铆钉,correct,correct,True,True,easy
L0322A90-Z,LD322490-Z,L0322490-Z,直管,substitute,substitute,False,False,easy
T712,T712,T712,滑轨总成,correct,correct,True,True,easy
SXQ18116100TF62-0TF,S0018116ID07-62-0TF,SXQ18116100TF62-0TF,六角法兰面带齿螺栓,correct,mixed,True,False,easy
L0332676-01,L0332676-01,L0332676-01,焊接螺栓,correct,correct,True,True,easy
Q1840516-B1,Q184D516-81,Q1840516-B1,六角法兰面螺栓,correct,mixed,True,False,easy
1602039-H01111,1602039-HD11-1,1602039-H01111,扭簧,correct,mixed,True,False,easy
20*2CT15,20*20T15,20*20T15,车刀,substitute,correct,False,True,easy
Q18416130-0FH,Q184I613-00FH,Q18416130-0FH,六角法兰面螺栓,correct,mixed,True,False,easy
002632000018-02,002632000018-02,002632000018-02,连接销,correct,correct,True,True,easy
AB010OG00091B01,AB010OG00091B01,AB0100600091B01,内六角花形盘头螺钉Q2150612-NIZN,mixed,mixed,False,False,medium
002613000001-02,002613000001-02,002613000001-02,悬架簧,correct,correct,True,True,easy
L0653434,L0653434,L0653434,中间支撑管,correct,correct,True,True,easy
DL6W1135,DL6W1135,DL6W1135,钢丝,correct,correct,True,True,easy
M10-6H,M10-6H,M10-6H,螺纹规,correct,correct,True,True,easy
Q1841465TF3-01,Q1841465TF3-01,Q1841465TF3-01,10.9级六角法兰面螺栓,correct,correct,True,True,easy
Q1811440TF62,Q1811440TF62,Q1811440TF62,六角法兰面带齿螺栓,correct,correct,True,True,easy
Q33010TF62-01,Q33010TF62-01,Q33010TF62-01,全金属法六角兰面锁紧螺母,correct,correct,True,True,easy
DL2W2130,DLZW2130,DL2W2130,钢丝,correct,substitute,True,False,easy
Q1841250-0RH-01,Q184I250-00H-01,Q1841250-0RH-01,六角法兰面螺栓,correct,mixed,True,False,easy
Q150B20220-F7-01,Q150B20220-F7-01,Q150B20220-F7-01,六角头螺栓,correct,correct,True,True,easy
Q18614100-0H1,Q186I410-00H1,Q18614100-0H1,六角法兰面螺栓,correct,mixed,True,False,easy
Q1860816T1F62-01,Q1860816T1F62-01,Q1860816T1F62-01,六角法兰面螺栓-加大系列,correct,correct,True,True,easy
11N-09062-01,11N-09062-01,11N-09062-01,销钉,correct,correct,True,True,easy
Q32005,Q32005,Q32005,法兰面螺母,correct,correct,True,True,easy
1602049J-0C6500,1602049-AD06-00,1602049J-0C6500,扭簧,correct,mixed,True,False,easy
Q32012-0TD-01,Q32012-0TD-01,Q32012-0TD-01,六角法兰面螺母,correct,correct,True,True,easy
Q672120,Q672120,Q672120,卡箍,correct,correct,True,True,easy
50N-02051,SDN-02051,50N-02051,压簧,correct,mixed,True,False,easy
Q45012E4-F3,Q4501234-F3,Q4501234-F3,半圆头铆钉,substitute,correct,False,True,easy
8202009-G01201-8,82020090601201-8,8202009-G01201-8,弹簧,correct,mixed,True,False,easy
A059U576,A059U576,A059U576,六角法兰面螺栓,correct,correct,True,True,easy
Q1840825-0RH,Q184D825-00H,Q1840825-0RH,六角法兰面螺栓,correct,mixed,True,False,easy
DL6W1264-Z,DL6W1264-Z,DL6W1264-Z,纵向支撑管,correct,correct,True,True,easy
5001082-C1102S-1-01,500108200110-501-01,5001082-C1102S-1-01,减震器簧,correct,mixed,True,False,easy
Q33316T13F62-01,Q33316T13F62-01,Q33316T13F62-01,全金属六角锁紧螺母,correct,correct,True,True,easy
16QA4-02039,1604400-DE9,16QA4-02039,扭簧,correct,mixed,True,False,easy
Q4501226,Q4501226,Q4501226,半圆头平头铆钉,correct,correct,True,True,easy
Q1841260,Q184I260,Q1841260,六角法兰面螺栓,correct,substitute,True,False,easy
Q32006T13F3,Q32006T13F3,Q32006T13F3,六角法兰面螺母,correct,correct,True,True,easy
Q18520160-0FG,Q1852016-00FG,Q18520160-0FG,六角法兰面螺栓,correct,mixed,True,False,easy
LO021TT972,LO02177972,L002177972,钢丝,mixed,substitute,False,False,medium
DL681303(Q185C1020,D068I303-0185C1020,DL681303(Q185C1020),六角法兰面螺栓,delete,mixed,False,False,easy
DL6W1149,DL6W1149,DL6W1149,防潜管组件,correct,correct,True,True,easy
Q4501228-R7,QA5012280-T,Q4501228-R7,铆钉,correct,mixed,True,False,easy
L0586592,L0586592,L0586592,后排靠背钢丝X,correct,correct,True,True,easy
QA0512-RH,Q40512-RH,Q40512-RH,重型弹簧垫圈,substitute,correct,False,True,easy
DL5S1033,DL5S1033,DL5S1033,管件,correct,correct,True,True,easy
Q401B06F62,Q401806F62,Q401B06F62,平垫圈,correct,substitute,True,False,easy
Q1811435TF62-04,Q1811435TF62-04,Q1811435TF62-04,六角法兰面带齿螺栓,correct,correct,True,True,easy
6805127-C1114,6805127-C1114,6805127-C1114,蛇簧,correct,correct,True,True,easy
Y0300094,YD300094,Y0300094,台阶螺栓,correct,substitute,True,False,easy
Q5280650,Q5280650,Q5280650,弹性圆柱销,correct,correct,True,True,easy
Q32112-0H1,Q32112-0H1,Q32112-0H1,六角法兰面螺母,correct,correct,True,True,easy
L072Z046(DL3L2Z3Z),L0722046-DL3L2232-,L0722046(DL3L2232),后排座垫发泡预埋钢丝B,mixed,mixed,False,False,medium
Q1840820-OTF,0184082-A07F,Q1840820-0TF,冷镦螺栓,substitute,mixed,False,False,easy
Q1840525-B1,Q184D525-81,Q1840525-B1,六角法兰面螺栓,correct,mixed,True,False,easy
Q16114130,Q16114130,Q16114130,小六角头螺栓(细牙),correct,correct,True,True,easy
7015BF8-101,7015BF8-101,7015BF8-101,U型钢管,correct,correct,True,True,easy
5001042-C4104-1,5001042-C4104-1,5001042-C4104-1,前悬弹簧-左,correct,correct,True,True,easy
DL2R2144,DL2R2144,DL2R2144,靠背泡沫吊紧钢丝4,correct,correct,True,True,easy
Q32020,Q32020,Q32020,M20六角法兰面螺母,correct,correct,True,True,easy
2904243-T38H0-F7-03,29042430738H0-F7-03,2904243-T38H0-F7-03,六角头螺栓,correct,mixed,True,False,easy
Q1851875-0ZD,Q185I875-0ZD,Q1851875-0ZD,六角法兰面螺栓,correct,substitute,True,False,easy
DL6W1215,DL6W1215,DL6W1215,钢丝,correct,correct,True,True,easy
RQ4501450-T5,RQ4501450-T5,RQ4501450-T5,半圆头倒角铆钉,correct,correct,True,True,easy
Q146B1270-0RH-01,Q146B1270-0RH-01,Q146B1270-0RH-01,六角头螺栓组合件(大平垫)10.9级,correct,correct,True,True,easy
04501240-LZJF-01,D4501240-LZJF-01,Q4501240-LZJF-01,半圆头铆钉,substitute,substitute,False,False,easy
Q18516150-0ZD-03,Q185I615-00ZD-03,Q18516150-0ZD-03,六角法兰面螺栓,correct,mixed,True,False,easy
Q402B04F62-T5,Q402804F62-T5,Q402B04F62-T5,大垫圈,correct,substitute,True,False,easy
3012401,3012401,3012401,悬架簧,correct,correct,True,True,easy
RQ198B0820-8-04,R0198808-D08004,RQ198B0820-8-04,凸焊螺栓,correct,mixed,True,False,easy
Q1841450-0TD-01,Q184I450-07D-01,Q1841450-0TD-01,六角法兰面螺栓,correct,mixed,True,False,easy
Q4501432F62-01,Q450143ZF62-01,Q4501432F62-01,冷镦铆钉,correct,substitute,True,False,easy
90O20ZE-91Z10-04,A0020ZE09I21-004,9002023-91210-04,螺母,mixed,mixed,False,False,hard
Q1811475TF62-07F,Q1811475TF62-07F,Q1811475TF62-0TF,六角法兰面带齿螺栓,substitute,substitute,False,False,easy
Q1860825TF62,Q186D825-062,Q1860825TF62,六角法兰面螺栓,correct,mixed,True,False,easy
Q4501432-FT,Q4501432-F7,Q4501432-FT,半圆头铆钉,correct,substitute,True,False,easy
RQ450L460-01,RQ4500460-01,RQ4501460-01,倒角铆钉,substitute,substitute,False,False,easy
A059U735-04,A059U735-04,A059U735-04,六角法兰面螺栓,correct,correct,True,True,easy
3504041-D600R,350404100600R,3504041-D600R,弹簧,correct,mixed,True,False,easy
2918106-T30R0-03,2918106-T3000-03,2918106-T30R0-03,空气弹簧用螺栓,correct,substitute,True,False,easy
DL5T1084,DL5T1084,DL5T1084,钢丝,correct,correct,True,True,easy
Q2710635,Q2710635,Q2710635,自攻螺钉,correct,correct,True,True,easy
Q1840880T1F62-0L,Q184D880-1062-0L,Q1840880T1F62-01,六角法兰面螺栓,substitute,mixed,False,False,easy
DL3N1035,DL3N1035,DL3N1035,钢丝,correct,correct,True,True,easy
Q1841030T1F62-04,Q184I030-1062-04,Q1841030T1F62-04,六角法兰面螺栓,correct,mixed,True,False,easy
Q340B10(T3)-01,Q34081D07E00-1,Q340B10(T3)-01,螺母,correct,mixed,True,False,easy
AB0L0040O0O3B01,A8000040OD03-01,AB0100400003B01,螺栓,mixed,mixed,False,False,medium
0450144B-CHJF-01,D4501448A00-0001,Q4501448-CHJF-01,冷镦铆钉,mixed,mixed,False,False,medium
002613000026-01,002613000026-01,002613000026-01,减震器簧,correct,correct,True,True,easy
Q1B51B90-0ZD-02,Q185I890-0ZD-02,Q1851890-0ZD-02,六角法兰面螺栓,mixed,substitute,False,False,medium
01811225TF62-OTF,D1811225TF62-07F,Q1811225TF62-0TF,六角法兰面带齿螺栓,mixed,mixed,False,False,medium
Y0102268,Y0102268,Y0102268,二分靠背弯管组件,correct,correct,True,True,easy
Q2744819F6Z-T5,Q2744819F6Z-T5,Q2744819F62-T5,十字槽沉头自攻螺钉,substitute,substitute,False,False,easy
Q4501240F62-T5,Q4501240-G2-T5,Q4501240F62-T5,半圆头铆钉,correct,mixed,True,False,easy
DL6W1O5Z-2,DL6W1052-Z,DL6W1052-Z,六分坐垫防潜管,mixed,correct,False,True,medium
2935148-VA511-04,2935148-VA511-04,2935148-VA511-04,紧固螺栓-盖板,correct,correct,True,True,easy
Q1840825T1F62-01,Q184D825-1062-01,Q1840825T1F62-01,六角法兰面螺栓,correct,mixed,True,False,easy
Q33014T13F60,Q33014T13F60,Q33014T13F60,螺母(支架-支架),correct,correct,True,True,easy
DL0A1014,DL0A1014,DL0A1014,主驾内侧钢丝,correct,correct,True,True,easy
QL8420100-0FH-02,Q0842010-00FH-02,Q18420100-0FH-02,六角法兰面螺栓,substitute,mixed,False,False,easy
Q151B1890-0H1,Q151B1890-0H1,Q151B1890-0H1,六角头螺栓,correct,correct,True,True,easy
11N-08044-A,11N-08044-A,11N-08044-A,拉簧,correct,correct,True,True,easy
L0667141,L0667141,L0667141,混动版后排靠背钢丝G,correct,correct,True,True,easy
1602049-NH0101-01,16020490000101-01,1602049-NH0101-01,弹簧,correct,mixed,True,False,easy
Q4501648F62,Q4501648F62,Q4501648F62,冷镦铆钉,correct,correct,True,True,easy
DZ93259930121,D293259930121,DZ93259930121,垫圈,correct,substitute,True,False,easy
QL811225TF62-01,Q0811225TF62-01,Q1811225TF62-01,六角法兰面带齿螺栓,substitute,substitute,False,False,easy
1700ND-144-D,ITD-000144-D,1700ND-144-D,压簧,correct,mixed,True,False,easy
RQ4501242F3,RQ4501242-E,RQ4501242F3,半圆头倒角铆钉,correct,mixed,True,False,easy
DL6E1212,DL6E1212,DL6E1212,钢丝,correct,correct,True,True,easy
SXQ151B20315TF62-01,S001S1820315TF62-01,SXQ151B20315TF62-01,六角头螺栓,correct,mixed,True,False,easy
2445395-01,2445395001,2445395-01,螺钉,correct,substitute,True,False,easy
Q4501265-01,Q4501265-D1,Q4501265-01,半圆头平头铆钉,correct,substitute,True,False,easy
Q4501424-FT-01,Q4501424-F7-01,Q4501424-FT-01,半圆头铆钉,correct,substitute,True,False,easy
Q1841250-0TD-02,Q184I250-07D-02,Q1841250-0TD-02,六角法兰面螺栓,correct,mixed,True,False,easy
Q4501262-R7,Q4501262-R7,Q4501262-R7,半圆头平头铆钉,correct,correct,True,True,easy
Q27A4816F62-T5,Q27A4816F62-75,Q27A4816F62-T5,梅花槽盘头C型自攻钉,correct,substitute,True,False,easy
DL6E1063,DL6E1063,DL6E1063,钢丝,correct,correct,True,True,easy
RQ2200512-Z3,RQ2200512-23,RQ2200512-Z3,十字槽平圆头螺钉,correct,substitute,True,False,easy
Q150B0880,Q150B0880,Q150B0880,六角头螺栓,correct,correct,True,True,easy
1602111-PW01-01,1602111-PW01-01,1602111-PW01-01,扭簧,correct,correct,True,True,easy
Q50516400,050516400,Q50516400,弹簧,correct,substitute,True,False,easy
16E03-02043,16E-3002043,16E03-02043,拉簧,correct,mixed,True,False,easy
Q150B181Z5-0H1,Q150B18125-0H1,Q150B18125-0H1,六角头螺栓,substitute,correct,False,True,easy
6910125-C1100-1,6910125-C1100-1,6910125-C1100-1,钢丝焊接架-钢丝1,correct,correct,True,True,easy
RQ1851295-0TD,R018S129-00TD,RQ1851295-0TD,六角法兰面螺栓,correct,mixed,True,False,easy
A054T561-01,A054T561-01,A054T561-01,六角法兰面螺栓,correct,correct,True,True,easy
A065L676,A065L676,A065L676,六角法兰面螺栓,correct,correct,True,True,easy
QL851230-0ZD,Q085I230-0ZD,Q1851230-0ZD,六角法兰面螺栓,substitute,mixed,False,False,easy
RQ1961660-0RH-0TF,RQ1961660-0RH-07F,RQ1961660-0RH-0TF,自固定法兰面螺栓,correct,substitute,True,False,easy
SZEA-3504011,SZEA-3504011,SZEA-3504011,回位弹簧,correct,correct,True,True,easy
6901VD3-026,GA0I0030026,6901VD3-026,钢丝,correct,mixed,True,False,easy
P34736-01,P34736-01,P34736-01,外六角螺钉组合件,correct,correct,True,True,easy
DL681030,DL681030,DL681030,调角器解锁手柄,correct,correct,True,True,easy
Q32012T13F3,Q3201ZT13F3,Q32012T13F3,螺母,correct,substitute,True,False,easy
001713000535-01,001713000535-01,001713000535-01,悬架簧,correct,correct,True,True,easy
6921W-036(DL741516),GAZI00036(DL741516),6921W-036(DL741516),钢丝,correct,mixed,True,False,easy
Q40308F62-0TF,Q40308F62-07F,Q40308F62-0TF,弹簧垫圈,correct,substitute,True,False,easy
L002059061,L002059061,L002059061,靠背中间加强管,correct,correct,True,True,easy
1703026-KSL10-S,ITD-026-KSL10-S,1703026-KS110-S,压簧,substitute,mixed,False,False,easy
Q4501650F62-01,Q4501650F62-01,Q4501650F62-01,冷镦铆钉,correct,correct,True,True,easy
Q4501242-LZJF,Q4501242-LZJF,Q4501242-LZJF,半圆头铆钉,correct,correct,True,True,easy
Q4501468-FT-01,Q4501468-F7-01,Q4501468-FT-01,半圆头铆钉,correct,substitute,True,False,easy
RQ4501038-01,RQ4501038-01,RQ4501038-01,倒角铆钉,correct,correct,True,True,easy
Q185C1030-0H1,Q185C103-00H1,Q185C1030-0H1,六角法兰面螺栓,correct,mixed,True,False,easy
M20*L.5*A5,M20*L.5*A5,M20*1.5*45,外六角螺栓(及螺母),mixed,mixed,False,False,medium
Q1502065TF60,Q15020657F60,Q1502065TF60,六角头螺栓,correct,substitute,True,False,easy
3501RS01-164,35D-05010164,3501RS01-164,拉簧,correct,mixed,True,False,easy
AB0100800078B01-01,AB0100800078B01-01,AB0100800078B01-01,六角法兰面平端螺栓Q602319-0816,correct,correct,True,True,easy
C3012401A,030124014,C3012401A,减震器簧,correct,mixed,True,False,easy
DL5B1190,DL5B1190,DL5B1190,钢丝,correct,correct,True,True,easy
T10ZT-5001042-01,T10ZT-5001042-01,T10ZT-5001042-01,左弹簧前悬置,correct,correct,True,True,easy
Q150B0840,Q150B0840,Q150B0840,六角头螺栓,correct,correct,True,True,easy
Y0300088,Y0300088,Y0300088,垫圈,correct,correct,True,True,easy
5001043-C5101-01,500104300510-001,5001043-C5101-01,减震器簧,correct,mixed,True,False,easy
3405861-91840,3405861-91840,3405861-91840,螺栓-管接头用,correct,correct,True,True,easy
Q39012,Q39012,Q39012,蝶形螺母,correct,correct,True,True,easy
5001042-KJ20,5001042-KJ20,5001042-KJ20,左弹簧-前悬置,correct,correct,True,True,easy
RQA2410,RQ42410,RQ42410,碟形弹性垫圈,substitute,correct,False,True,easy
3504011-P67,3504011-PG7,3504011-P67,扭簧,correct,substitute,True,False,easy
2918106-H0100-F6-03,2918106-H0100-06-03,2918106-H0100-F6-03,空气弹簧用螺栓,correct,substitute,True,False,easy
3704901-C7300-02,3704901-C7300-02,3704901-C7300-02,防盗螺栓,correct,correct,True,True,easy
Q1841040,Q184I040,Q1841040,六角法兰面螺栓,correct,substitute,True,False,easy
Q1861240-04,Q186I240-04,Q1861240-04,六角法兰面螺栓,correct,substitute,True,False,easy
Q151BL44071F62-75,Q151B044071F62-75,Q151B1440T1F62-T5,六角头螺栓,mixed,mixed,False,False,medium
QL-E5O2S36A-064,00A-502536A-064,Q1-3502S36A-064,拉簧,mixed,mixed,False,False,medium
AB0600100209B01-01,AB0600100209B01-01,AB0600100209B01-01,大垫圈Q40205-NIZN,correct,correct,True,True,easy
DL0A1104,DL0A1104,DL0A1104,坐垫前支撑钢丝1,correct,correct,True,True,easy
DL4Z1017,DL421017,DL4Z1017,造型钢丝,correct,substitute,True,False,easy
8201315-C0100-01,8201315-C0100-01,8201315-C0100-01,六角头螺栓-顶盖扶手,correct,correct,True,True,easy
Q18414130-0FH-01,Q184I413-00FH-01,Q18414130-0FH-01,六角法兰面螺栓,correct,mixed,True,False,easy
Q150B1270,Q150B1270,Q150B1270,六角头螺栓,correct,correct,True,True,easy
01840812(T3),D184D812-73),Q1840812(T3),六角法兰面螺栓,substitute,mixed,False,False,easy
1602049-C3100-SZ,1602049-CE10-05Z,1602049-C3100-SZ,扭簧,correct,mixed,True,False,easy
420-0606-0(RQ36806),420-0606-0-RQ36806-,420-0606-0(RQ36806),凸焊螺母,correct,mixed,True,False,easy
CUA-017,CUA-017,CUA-017,压簧,correct,correct,True,True,easy
2935148-T68N1-C3,2935148-T68N1-C3,2935148-T68N1-03,紧固螺栓-盖板,substitute,substitute,False,False,easy
AB0100600092B01-04,AB0100600092B01-04,AB0100600092B01-04,内六角花盘头平端螺栓Q007174-0616,correct,correct,True,True,easy
Q1841470-0TD-04,Q184I470-07D-04,Q1841470-0TD-04,六角法兰面螺栓,correct,mixed,True,False,easy
8202009-G14103-8-01,82020090614103-8-01,8202009-G14103-8-01,弹簧,correct,mixed,True,False,easy
DLOA2124,DLOA2124,DL0A2124,后排坐垫泡沫钢丝2,substitute,substitute,False,False,easy
Q1841445F60,Q184I445-60,Q1841445F60,六角法兰面螺栓,correct,mixed,True,False,easy
Q32020T13F60-0TF,Q32020T13F60-0TF,Q32020T13F60-0TF,六角法兰面螺母,correct,correct,True,True,easy
100A,100A,100A,空开,correct,correct,True,True,easy
61N-04021,GIN-04021,61N-04021,压簧,correct,mixed,True,False,easy
DL5T1111,DL5T1111,DL5T1111,钢丝,correct,correct,True,True,easy
10BF11-08032-02,ID8F1100-032-02,10BF11-08032-02,双头螺栓,correct,mixed,True,False,easy
DL5L1250,DL5L1250,DL5L1250,60座框前横管,correct,correct,True,True,easy
10*1000,10*1000,10*1000,丝杆,correct,correct,True,True,easy
DL381098,DL381098,DL381098,储物盒支撑钢丝B,correct,correct,True,True,easy
Q18412170,Q18412170,Q18412170,M12X170六角法兰面螺栓,correct,correct,True,True,easy
AB0100800194B01-04,AB0100800194B01-04,AB0100800194B01-04,六角头螺栓组合件,correct,correct,True,True,easy
Q4501475-01,Q4501475-D1,Q4501475-01,半圆头平头铆钉,correct,substitute,True,False,easy
J1J0-5721-AA-01,J100A5721-AA-01,J1J0-5721-AA-01,六角头螺栓,correct,mixed,True,False,easy
Q1460816(L02020061),Q1460816(L02020061),Q1460816(L02020061),M8*16组合螺栓,correct,correct,True,True,easy
Q4501234-LZJF,Q4501234-LZJF,Q4501234-LZJF,半圆头铆钉,correct,correct,True,True,easy
2935148-X1901-03,2935148-X1901-03,2935148-X1901-03,六角螺栓,correct,correct,True,True,easy
UCT207,UC7207,UCT207,轴承,correct,substitute,True,False,easy
Y0101066,Y0101066,Y0101066,发泡支撑钢丝,correct,correct,True,True,easy
7000A-216-01(DL741512-01),TD0D40216-01(DL741512-01),7000A-216-01(DL741512-01),钢丝,correct,mixed,True,False,easy
2935148-H03K2-02,2935148-H03K2-02,2935148-H03K2-02,六角螺栓,correct,correct,True,True,easy
Q4501850F62-01,Q4501850-G2-01,Q4501850F62-01,半圆头铆钉,correct,mixed,True,False,easy
DL6E1177,DL6E1177,DL6E1177,钢丝,correct,correct,True,True,easy
Q1841240-0TD-01,Q184I240-07D-01,Q1841240-0TD-01,六角法兰面螺栓,correct,mixed,True,False,easy
Q1841025-0H1,Q184I025-001,Q1841025-0H1,六角法兰面螺栓,correct,mixed,True,False,easy
3504040-GWO4A-PW01,3504040-GW04-00W01,3504040-GW04A-PW01,扭簧,substitute,mixed,False,False,easy
Q18516110-0ZD-01,Q185I611-00ZD-01,Q18516110-0ZD-01,六角法兰面螺栓,correct,mixed,True,False,easy
RQ450L44O-T5,RQ4500440-T5,RQ4501440-T5,半圆头倒角铆钉,mixed,substitute,False,False,medium
Q4501030-F3-01,Q4501030-F3-01,Q4501030-F3-01,半圆头铆钉,correct,correct,True,True,easy
BS0-M3-10-F3,BS0-M3-10-F3,BS0-M3-10-F3,M3X10压铆螺柱(螺母套),correct,correct,True,True,easy
Q1840855T1F62,Q184D855-1062,Q1840855T1F62,六角法兰面螺栓,correct,mixed,True,False,easy
Q18516160-0FG,Q185I616-00FG,Q18516160-0FG,六角法兰面螺栓,correct,mixed,True,False,easy
Q4501258-FT,Q4501258-F7,Q4501258-FT,半圆头铆钉,correct,substitute,True,False,easy
35040248-K3L551,ESDA-2480030-51,35040248-K31551,回位弹簧,substitute,mixed,False,False,easy
1601903-01081-04,IG0I9030-1081-04,1601903-01081-04,双头螺栓,correct,mixed,True,False,easy
RQ4501236F3,RQ4501236-E,RQ4501236F3,半圆头倒角铆钉,correct,mixed,True,False,easy
Q4501226-LZJF,Q4501226-LZJF,Q4501226-LZJF,半圆头铆钉,correct,correct,True,True,easy
J310008J-H0106,J310008J-H0106,J310008J-H0106,六角拉铆螺母,correct,correct,True,True,easy
DL941424,DL941424,DL941424,前方形垫块,correct,correct,True,True,easy
5001154-C5100,500115400510-,5001154-C5100,减震器簧,correct,mixed,True,False,easy
RQ45O1450-01,RQ4501450-01,RQ4501450-01,倒角铆钉,substitute,correct,False,True,easy
QG7238.1,Q67238.1,Q67238.1,簧圈,substitute,correct,False,True,easy
3504038-C7300,ESDA-3800730-,3504038-C7300,回位弹簧,correct,mixed,True,False,easy
002613000022,002613000022,002613000022,悬架簧,correct,correct,True,True,easy
1602041-2GC0A-01,1602041-ZG00-001,1602041-2GC0A-01,扭簧,correct,mixed,True,False,easy
Q1840850T1F62-04,Q184D850-1062-04,Q1840850T1F62-04,六角法兰面螺栓,correct,mixed,True,False,easy
001713000531,001713000531,001713000531,悬架簧,correct,correct,True,True,easy
0LST1020,DL5T1020,DL5T1020,钢丝,mixed,correct,False,True,medium
002613000005,002613000005,002613000005,悬架簧,correct,correct,True,True,easy
3504121-P00,3504121-PD0,3504121-P00,扭簧,correct,substitute,True,False,easy
G8048-O47,68D-80047,6804B-047,拉簧,mixed,mixed,False,False,medium
Q18520100-0ZD,Q1852010-00ZD,Q18520100-0ZD,六角法兰面螺栓,correct,mixed,True,False,easy
3504011-KN01-01,3504011-KN01-01,3504011-KN01-01,扭簧,correct,correct,True,True,easy
Q4501454-LZJF-01,Q4501454-LZJF-01,Q4501454-LZJF-01,半圆头铆钉,correct,correct,True,True,easy
L056568B,L056568B,L0565688,后排靠背钢丝G,substitute,substitute,False,False,easy
Q150B1440-0H1,Q150B1440-0H1,Q150B1440-0H1,六角头螺栓,correct,correct,True,True,easy
Q33208T2F62-01,Q33208T2F62-01,Q33208T2F62-01,2型全金属六角锁紧螺母,correct,correct,True,True,easy
Q4501850F62,Q4501850-G2,Q4501850F62,半圆头铆钉,correct,mixed,True,False,easy
DL2R2128,DL2R2128,DL2R2128,后排坐垫骨架钢丝G,correct,correct,True,True,easy
001713O00535,001713000535,001713000535,悬架簧,substitute,correct,False,True,easy
HQ198C0625T8-04,H0198006257-004,HQ198C0625T8-04,承面凸焊螺栓,correct,mixed,True,False,easy
Q218B1260D-0RH-01,Q218B1260D-0RH-01,Q218B1260D-0RH-01,内六角圆柱头螺栓组合件10.9级,correct,correct,True,True,easy
QL8518120-0FG-04,Q085I812-00FG-04,Q18518120-0FG-04,六角法兰面螺栓,substitute,mixed,False,False,easy
1700NT-292,ITD-070292,1700NT-292,压簧,correct,mixed,True,False,easy
RQ45O1ZE6-SZL,RQ4501236-SZL,RQ4501236-SZ1,半圆头倒角铆钉,mixed,substitute,False,False,hard
DL5L1255,DL5L1255,DL5L1255,ISOFIX钢丝-2,correct,correct,True,True,easy
GS20380,GSZD380,GS20380,钢丝,correct,mixed,True,False,easy
DLOP1453-OL,DL0P1453-00,DL0P1453-01,旋转轴,mixed,substitute,False,False,medium
SXQ33318T13F62,SXQ33318T13F62,SXQ33318T13F62,全金属六角锁紧螺母,correct,correct,True,True,easy
2918106-H0100-02,2918106-H0100-02,2918106-H0100-02,空气弹簧用螺栓,correct,correct,True,True,easy
DL0P1510,DL0P1510,DL0P1510,支撑钢丝3,correct,correct,True,True,easy
M4*10,M4*10,M4*10,内六角螺钉,correct,correct,True,True,easy
RQ4501452-W-01,RQ4501452-W-01,RQ4501452-W-01,L68005L242823,correct,correct,True,True,easy
Q450123O-F3,Q4501230-F3,Q4501230-F3,半圆头铆钉,substitute,correct,False,True,easy
P3537,P3537,P3537,六角法兰面螺栓M8X20,correct,correct,True,True,easy
Q4501244-F3-01,Q4501244-F3-01,Q4501244-F3-01,半圆头铆钉,correct,correct,True,True,easy
DZ9X259520064,DZ9X259520064,DZ9X259520064,六角凸缘螺母M20X1.5-10,correct,correct,True,True,easy
Q198B1025T25-01,Q198810ZS72-001,Q198B1025T25-01,承面凸焊螺栓,correct,mixed,True,False,easy
Q1841870TF60,Q1841870TF60,Q1841870TF60,10.9六角法兰面螺栓M18*70,correct,correct,True,True,easy
1601901-TS36O-04,1601901-TS36O-04,1601901-TS360-04,双头螺柱-离合器壳,substitute,substitute,False,False,easy
RQ2720412,RQ2720412,RQ2720412,平尾自攻螺钉,correct,correct,True,True,easy
0214O420F62,D2140420F62,Q2140420F62,十字槽盘头螺钉,mixed,substitute,False,False,medium
Q1460416,Q1460416,Q1460416,M4*16组合螺栓,correct,correct,True,True,easy
DL0A1177,0004117-,DL0A1177,扭簧,correct,mixed,True,False,easy
Q67228.1-01,Q67228.1-01,Q67228.1-01,簧圈,correct,correct,True,True,easy
Q4501228-FT,Q4501228-F7,Q4501228-FT,半圆头平头铆钉,correct,substitute,True,False,easy
A062X988-01,A06ZX988-01,A062X988-01,六角法兰面螺栓,correct,substitute,True,False,easy
AB221KL4S-04,A82ZI004-004,AB221KL45-04,六角法兰面螺栓,substitute,mixed,False,False,easy
AB0100500004B01,A8010050DD04-01,AB0100500004B01,螺栓,correct,mixed,True,False,easy
Y0300001,YD3D0001,Y0300001,靠背弯管,correct,mixed,True,False,easy
E200O52760,E200O52760,E200052760,后螺旋弹簧,substitute,substitute,False,False,easy
RQ4501236-SZ1-01,RQ4501236-S21-01,RQ4501236-SZ1-01,半圆头倒角铆钉,correct,substitute,True,False,easy
A06ER36B-04,A063R368-04,A063R368-04,六角法兰面螺栓,mixed,correct,False,True,medium
68Z07-08012(DL766601),68Z-7008012(DL766601),68Z07-08012(DL766601),拉簧,correct,mixed,True,False,easy
8202039-T1500-7,BZD-039-T1500-7,8202039-T1500-7,压簧,correct,mixed,True,False,easy
3703241-TA380,3703241-TA380,3703241-TA380,蓄电池拉杆,correct,correct,True,True,easy
2912H2-106,291ZH2-106,2912H2-106,六角头中心螺栓,correct,substitute,True,False,easy
0LZJ1O93-A,0LZJ1O93-A,DL2J1093-A,四分内侧IS0FIX钢丝焊接组合,mixed,mixed,False,False,medium
3504050-SY01-A,ESDA-5005001-4,3504050-SY01-A,回位弹簧,correct,mixed,True,False,easy
0151B1A50,D151B1450,Q151B1450,六角头螺栓,mixed,substitute,False,False,medium
Q4501234-FT-01,Q4501234-F7-01,Q4501234-FT-01,半圆头平头铆钉,correct,substitute,True,False,easy
Q185124O-0GH,Q185I240-06H,Q1851240-0GH,六角法兰面螺栓,substitute,mixed,False,False,easy
DL5S1020,DL5S1020,DL5S1020,管件,correct,correct,True,True,easy
J7-5001043-01,070500104300-,J7-5001043-01,悬架簧,correct,mixed,True,False,easy
Q40516,Q40516,Q40516,重型弹簧染圈,correct,correct,True,True,easy
RQ4501468,RQ4501468,RQ4501468,倒角铆钉,correct,correct,True,True,easy
6901Q48031-266,GA0I048031-266,6901Q48031-266,钢丝,correct,mixed,True,False,easy
DL6P1056-Z,DL6P1056-Z,DL6P1056-Z,直管,correct,correct,True,True,easy
Q184103-0RH-0TF,Q184103-0RH-0TF,Q1841030-0RH-0TF,六角法兰面螺栓10.9级,delete,delete,False,False,easy
Q67205.4,Q67205.4,Q67205.4,耳板,correct,correct,True,True,easy
RQ4501446-W-01,RQ4501446-W001,RQ4501446-W-01,半圆头倒角铆钉,correct,substitute,True,False,easy
Z90424E-T38H0-FG-01,29042430738H0-FG-01,2904243-T38H0-F6-01,六角头螺栓,mixed,mixed,False,False,medium
DT25,0725,DT25,铜鼻子,correct,mixed,True,False,easy
Q1840820F60,Q184D820-60,Q1840820F60,六角法兰面螺栓,correct,mixed,True,False,easy
RQ4501448-R7,RQ4501448-07,RQ4501448-R7,倒角铆钉,correct,substitute,True,False,easy
M6*15,M6*15,M6*15,内六角螺钉,correct,correct,True,True,easy
V389661001,0389661001,V389661001,1A881圆铁板,correct,substitute,True,False,easy
DL681292,DL681292,DL681292,台阶螺栓,correct,correct,True,True,easy
CL0003229,CL0D03229,CL0003229,钢丝,correct,substitute,True,False,easy
Y0100301,Y0100301,Y0100301,垫圈B,correct,correct,True,True,easy
8201010-C1100-09,BZD-010-C1100-09,8201010-C1100-09,压簧,correct,mixed,True,False,easy
30*3*E000,30*3*3000,30*3*3000,钢带,substitute,correct,False,True,easy
00261300050A,002613000504,00261300050A,减震器簧,correct,substitute,True,False,easy
Q1851565-0RH,Q185I565-00H,Q1851665-0RH,六角法兰面螺栓,substitute,mixed,False,False,easy
Q4400525,Q4400525,Q4400525,开口型扁圆头抽芯铆钉,correct,correct,True,True,easy
T15-01,TIS-01,T15-01,压簧,correct,mixed,True,False,easy
Q1840620T1F62-01,Q184D620-1062-01,Q1840620T1F62-01,六角法兰面螺栓,correct,mixed,True,False,easy
1700Q08-144,ITD-008-144,1700Q08-144,压簧,correct,mixed,True,False,easy
1602013-D0500-01,1602013000500-01,1602013-D0500-01,弹簧,correct,mixed,True,False,easy
DL5T1049,DL5T1049,DL5T1049,管件,correct,correct,True,True,easy
16C21-02031,1602100-DE1,16C21-02031,扭簧,correct,mixed,True,False,easy
Q1851890-0FH-02,Q185I890-00H-02,Q1851890-0FH-02,六角法兰面螺栓,correct,mixed,True,False,easy
Q33114T13F62-0TF,Q33114T13F62-0TF,Q33114T13F62-0TF,全金属六角法兰面锁紧螺母,correct,correct,True,True,easy
Q146B0625-RH-01,Q146B0625-RH-01,Q146B0625-RH-01,六角头螺栓组合件(大平垫)8.8级,correct,correct,True,True,easy
M080020-143-01,M080020-143-01,M080020-143-01,六角法兰面螺栓M8X25,correct,correct,True,True,easy
Q1840825-0ZD,Q184D825-0ZD,Q1840825-0ZD,六角法兰面螺栓,correct,substitute,True,False,easy
DL6W1273,DL6W1273,DL6W1273,钢丝,correct,correct,True,True,easy
DL1S1515-W,DL1S1515-W,DL1S1515-W,钢丝,correct,correct,True,True,easy
DL1N1093,DL1N1093,DL1N1093,坐垫钢丝8,correct,correct,True,True,easy
1617M-01127-01,IGI-0001127-01,1617M-01127-01,压簧,correct,mixed,True,False,easy
Q1290865,Q129D865,Q1290865,六角法兰面螺栓,correct,substitute,True,False,easy
3504061-G0106-01,3504061-GD10-001,3504061-G0106-01,扭簧,correct,mixed,True,False,easy
1701323-902O2,ITD-323-90ZO2,1701323-90202,压簧,substitute,mixed,False,False,easy
4059U4B7-01,A059U487-01,A059U487-01,六角法兰面螺栓,mixed,correct,False,True,medium
Y0101338,Y0101338,Y0101338,副驾外侧护板支撑钢丝B,correct,correct,True,True,easy
A067Y207-01,A067Y207-01,A067Y207-01,六角法兰面螺栓,correct,correct,True,True,easy
Q1841445-0TD-04,Q184I445-07D-04,Q1841445-0TD-04,六角法兰面螺栓,correct,mixed,True,False,easy
3504024-2GNOA-01,3504024-ZG00-001,3504024-2GN0A-01,扭簧,substitute,mixed,False,False,easy
82A-05007-B,8240050-TA8,82A-05007-B,扭簧,correct,mixed,True,False,easy
400-1057-5-1,4000105-A50I,400-1057-5-1,冷镦螺栓,correct,mixed,True,False,easy
0L.6E1178,DL0G31178,DL6E1178,钢丝,mixed,mixed,False,False,medium
RQ1841295-0GH-04,R018A129-00GH-04,RQ1841295-0GH-04,六角法兰面螺栓,correct,mixed,True,False,easy
Q150B20200-0FH-04,Q150B20200-0FH-04,Q150B20200-0FH-04,六角头螺栓,correct,correct,True,True,easy
Q1851890-0ZD-03,Q185I890-0ZD-03,Q1851890-0ZD-03,六角法兰面螺栓,correct,substitute,True,False,easy
0353B27,D353B27,Q353B27,六角较薄螺母,substitute,substitute,False,False,easy
AB0100600063B01,AB0100600063B01,AB0100600063B01,六角法兰面平端螺栓Q602307-0616,correct,correct,True,True,easy
L002201133,LD02201133,L002201133,钢丝,correct,substitute,True,False,easy
L002367209(DL6L2021),LD02367209(DL6L2021),L002367209(DL6L2021),造型钢丝,correct,substitute,True,False,easy
Q1841285-OZD-0L,Q184I285-0ZD-0L,Q1841285-0ZD-01,六角法兰面螺栓,mixed,mixed,False,False,medium
Q194B0830-P,Q194B0830-P,Q194B0830-P,小方头螺栓,correct,correct,True,True,easy
RQ4501240-R7,RQ4501240-R7,RQ4501240-R7,半圆头倒角铆钉,correct,correct,True,True,easy
RQ4501242,RQ4501242,RQ4501242,倒角铆钉,correct,correct,True,True,easy
A061P399-04,A061P399-04,A061P399-04,六角法兰面螺栓,correct,correct,True,True,easy
Q510B0820,Q510B0820,Q510B0820,销轴,correct,correct,True,True,easy
Y0100231-Z,YD1D0231-Z,Y0100231-Z,直管,correct,mixed,True,False,easy
0L5B1287,DL5B1287,DL5B1287,钢丝,substitute,correct,False,True,easy
Q4501032-LZJF-01,Q4501032-LZJF-01,Q4501032-LZJF-01,半圆头铆钉,correct,correct,True,True,easy
Q4501032-T5,Q4501032-T5,Q4501032-T5,半圆头铆钉,correct,correct,True,True,easy
2918106-H0100-F6,2918106-H0100-06,2918106-H0100-F6,空气弹簧用螺栓,correct,substitute,True,False,easy
Q1840850T1F62-T5,Q184D850-1062-T5,Q1840850T1F62-T5,六角法兰面螺栓,correct,mixed,True,False,easy
Q1851240-0GH-0TF,Q185I240-06H-0TF,Q1851240-0GH-0TF,六角法兰面螺栓,correct,mixed,True,False,easy
Q1841025TF3-01,Q184I025-03-01,Q1841025TF3-01,六角法兰面螺栓,correct,mixed,True,False,easy
Q1841430-0RH,Q184I430-00H,Q1841430-0RH,六角法兰面螺栓,correct,mixed,True,False,easy
Q1840812-R7-04,Q184D812-07-04,Q1840812-R7-04,六角法兰面螺栓,correct,mixed,True,False,easy
Q40124,Q40124,Q40124,平垫圈,correct,correct,True,True,easy
03ZO12-0TD,03ZO12-0TD,Q32012-0TD,六角法兰面螺母,mixed,mixed,False,False,medium
5001170A0-3K010-3,500117040030-10-3,5001170A0-3K010-3,减震器簧,correct,mixed,True,False,easy
DL2J1100,DLZJ1100,DL2J1100,提升管焊接衬套,correct,substitute,True,False,easy
M5*15,05015,M5*15,内六角螺栓,correct,mixed,True,False,easy
DL6E1014,DL6E1014,DL6E1014,前椅靠背管,correct,correct,True,True,easy
2935148-X1900,2935148-X1900,2935148-X1900,六角螺栓,correct,correct,True,True,easy
Q4501244-F3,Q4501244-F3,Q4501244-F3,半圆头铆钉,correct,correct,True,True,easy
L0667157,L0667157,L0667157,混动版后排靠背钢丝J,correct,correct,True,True,easy
DL4Z1099,DL421099,DL4Z1099,造型钢丝,correct,substitute,True,False,easy
DL2R2145,DL2R2145,DL2R2145,坐垫泡沫吊紧钢丝1,correct,correct,True,True,easy
L0577489,L0577489,L0577489,后排靠背钢丝F,correct,correct,True,True,easy
2935148-X1900-03,2935148-X1900-03,2935148-X1900-03,六角螺栓,correct,correct,True,True,easy
Q32012-F7,Q32012-F7,Q32012-F7,六角法兰面螺母,correct,correct,True,True,easy
DL6W1136,DL6W1136,DL6W1136,钢丝,correct,correct,True,True,easy
Q18114E0TF62-04,Q1811430TF62-04,Q1811430TF62-04,六角法兰面带齿螺栓,substitute,correct,False,True,easy
L0322490,L0322490,L0322490,靠背上横管,correct,correct,True,True,easy
DL6W1231,DL6W1231,DL6W1231,钢丝,correct,correct,True,True,easy
Q4501046-FT,Q4501046-F7,Q4501046-FT,半圆头铆钉,correct,substitute,True,False,easy
RQ1841295-0RH,R018A129-00RH,RQ1841295-0RH,六角法兰面螺栓,correct,mixed,True,False,easy
DL2W2135,DL2W2135,DL2W2135,后坐垫骨架钢丝12,correct,correct,True,True,easy
16O2111-ZZG04-01,1602111-Z260-001,1602111-2ZG0A-01,扭簧,mixed,mixed,False,False,medium
DL0P1509,DL0P1509,DL0P1509,支撑钢丝2,correct,correct,True,True,easy
2921F514A,ZAZ-0514A,2921F514A,压簧,correct,mixed,True,False,easy
1602013-G35,1602013-GE5,1602013-G35,扭簧,correct,substitute,True,False,easy
AB0100300063B01,AB0100300063B01,AB0100300063B01,内六角圆柱头螺钉Q218B0310-NIZN,correct,correct,True,True,easy
Q151B1270TF3,Q151B127-703,Q151B1270TF3,六角法兰面螺栓,correct,mixed,True,False,easy
Q4501042-LZJF,Q4501042-LZJF,Q4501042-LZJF,半圆头铆钉,correct,correct,True,True,easy
L00246B7S7(DL6L2051),LD024687S7(DL6L2051),L002468757(DL6L2051),造型钢丝,mixed,mixed,False,False,medium
Q1841050F60,Q1841050F60,Q1841050F60,六角法兰面螺栓M10X50,correct,correct,True,True,easy
6901VD4-026-01(DL741505-01),GA0I0040026-01(DL741505-01),6901VD4-026-01(DL741505-01),钢丝,correct,mixed,True,False,easy
LO02978322NCP,LO0297832ZNCP,L002978322NCP,钢丝,substitute,mixed,False,False,easy
Q151B2040TF62-01,Q151B2040TF62-01,Q151B2040TF62-01,六角头螺栓,correct,correct,True,True,easy
DL662014,DL662014,DL662014,靠背发泡吊紧中间钢丝,correct,correct,True,True,easy
Q1840525-F6,Q184D525-06,Q1840525-F6,六角法兰面螺栓,correct,mixed,True,False,easy
L002696304NCP,L002696304-CP,L002696304NCP,管型件,correct,substitute,True,False,easy
H63-5001250Z-1-01,063050012502-1001,H63-5001250Z-1-01,减震器簧,correct,mixed,True,False,easy
11.2D-08314,11A-0008314,11.2D-08314,拉簧,correct,mixed,True,False,easy
1602011-F0100-01,1602011-FD10-001,1602011-F0100-01,扭簧,correct,mixed,True,False,easy
DL5L1341,DL5L1341,DL5L1341,六分内侧ISOFIX下支撑钢丝,correct,correct,True,True,easy
002613000001A-01,002613000001-001,002613000001A-01,减震器簧,correct,mixed,True,False,easy
P3519,P3519,P3519,六角头螺栓、弹垫和平垫组合M5X16,correct,correct,True,True,easy
Q2744819F62,Q2744819F62,Q2744819F62,十字槽沉头自攻螺钉,correct,correct,True,True,easy
A071R705,A071R705,A071R705,六角法兰面螺栓,correct,correct,True,True,easy
SXQ146B1020T1F62-T5,SX0146810207I06-075,SXQ146B1020T1F62-T5,六角头螺栓组合件,correct,mixed,True,False,easy
DL6W1094,DL6W1094,DL6W1094,钢丝,correct,correct,True,True,easy
Q450123BF62,Q4501238F62,Q4501238F62,冷镦铆钉,substitute,correct,False,True,easy
Q18520160-0FG-03,Q1852016-00FG-03,Q18520160-0FG-03,六角法兰面螺栓,correct,mixed,True,False,easy
DL5S1020-Z,DL5S1020-Z,DL5S1020-Z,管件,correct,correct,True,True,easy
RQ4501458-R7,RQ4501458-R7,RQ4501458-R7,半圆头倒角铆钉,correct,correct,True,True,easy
Q401B18F62-T5,Q401818F62-T5,Q401B18F62-T5,平垫圈,correct,substitute,True,False,easy
Q1841025T1F62,Q184I025-1062,Q1841025T1F62,六角法兰面螺栓,correct,mixed,True,False,easy
DL7ML239,DL7M0239,DL7M1239,ISOFIX钢丝,substitute,substitute,False,False,easy
Y0101546,Y0101546,Y0101546,铆销,correct,correct,True,True,easy
Q1841450TF62-04,Q184I450-062-04,Q1841450TF62-04,六角法兰面螺栓,correct,mixed,True,False,easy
002613000001B,002613000001-,002613000001B,减震器簧,correct,substitute,True,False,easy
DL4Z1024,DL421024,DL4Z1024,造型钢丝,correct,substitute,True,False,easy
Q45014A8-LZJF,Q4501448-LZJF,Q4501448-LZJF,半圆头铆钉,substitute,correct,False,True,easy
RQ4501475,RQ4501475,RQ4501475,倒角铆钉,correct,correct,True,True,easy
Q18420100-0FG,Q1842010-00FG,Q18420100-0FG,六角法兰面螺栓,correct,mixed,True,False,easy
Q1852065F60,Q1852065-60,Q1852065F60,六角法兰面螺栓,correct,substitute,True,False,easy
032112-0ZD,032112-0ZD,Q32112-0ZD,六角法兰面螺母,substitute,substitute,False,False,easy
Q4501Z38-FT,Q4501238-F7,Q4501238-FT,半圆头平头铆钉,substitute,substitute,False,False,easy
